parkId,sourceEntityId,facilityId,name,entityType,observedAt,status,state,returnStart,returnEnd
tokyo_disneyland,4ed6a812-df04-4aa8-acb9-c6b164dbb706,tdl_tomorrowland_monsters_inc_ride_and_go_seek,"Monsters, Inc. Ride & Go Seek!",ATTRACTION,2026-09-03T22:58:13.275Z,CLOSED,AVAILABLE,,
tokyo_disneyland,dfe25d8e-e234-4020-a261-30c6825d0680,tdl_critter_country_splash_mountain,Splash Mountain,ATTRACTION,2026-09-03T22:58:13.252Z,CLOSED,FINISHED,,
tokyo_disneyland,e3577b4a-f1d9-4ec5-aacf-b99977ea88c9,tdl_westernland_big_thunder_mountain,Big Thunder Mountain,ATTRACTION,2026-09-03T22:58:13.244Z,CLOSED,AVAILABLE,,
tokyo_disneyland,e76670f0-9f5f-4918-8491-9bf51e73a596,tdl_new_fantasyland_enchanted_tale_of_beauty_and_the_beast,Enchanted Tale of Beauty and the Beast,ATTRACTION,2026-09-03T22:58:13.290Z,CLOSED,AVAILABLE,,
tokyo_disneyland,a88464b5-2cf5-4ef1-b38f-96e07b233bf2,tdl_fantasyland_poohs_hunny_hunt,Pooh's Hunny Hunt,ATTRACTION,2026-09-03T22:58:13.261Z,CLOSED,AVAILABLE,,
tokyo_disneyland,ca00a0e8-f069-4d0a-9d5e-10cb63010956,tdl_tomorrowland_baymax_happy_ride,The Happy Ride with Baymax,ATTRACTION,2026-09-03T22:58:13.283Z,CLOSED,AVAILABLE,,
tokyo_disneyland,4ed6a812-df04-4aa8-acb9-c6b164dbb706,tdl_tomorrowland_monsters_inc_ride_and_go_seek,"Monsters, Inc. Ride & Go Seek!",ATTRACTION,2026-09-03T23:04:21.301Z,CLOSED,AVAILABLE,,
tokyo_disneyland,dfe25d8e-e234-4020-a261-30c6825d0680,tdl_critter_country_splash_mountain,Splash Mountain,ATTRACTION,2026-09-03T23:04:21.288Z,CLOSED,FINISHED,,
tokyo_disneyland,e3577b4a-f1d9-4ec5-aacf-b99977ea88c9,tdl_westernland_big_thunder_mountain,Big Thunder Mountain,ATTRACTION,2026-09-03T23:04:21.278Z,CLOSED,AVAILABLE,,
tokyo_disneyland,e76670f0-9f5f-4918-8491-9bf51e73a596,tdl_new_fantasyland_enchanted_tale_of_beauty_and_the_beast,Enchanted Tale of Beauty and the Beast,ATTRACTION,2026-09-03T23:04:21.318Z,CLOSED,AVAILABLE,,
tokyo_disneyland,a88464b5-2cf5-4ef1-b38f-96e07b233bf2,tdl_fantasyland_poohs_hunny_hunt,Pooh's Hunny Hunt,ATTRACTION,2026-09-03T23:04:21.295Z,CLOSED,AVAILABLE,,
tokyo_disneyland,ca00a0e8-f069-4d0a-9d5e-10cb63010956,tdl_tomorrowland_baymax_happy_ride,The Happy Ride with Baymax,ATTRACTION,2026-09-03T23:04:21.308Z,CLOSED,AVAILABLE,,
tokyo_disneyland,4ed6a812-df04-4aa8-acb9-c6b164dbb706,tdl_tomorrowland_monsters_inc_ride_and_go_seek,"Monsters, Inc. Ride & Go Seek!",ATTRACTION,2026-09-03T23:10:05.182Z,CLOSED,AVAILABLE,,
tokyo_disneyland,dfe25d8e-e234-4020-a261-30c6825d0680,tdl_critter_country_splash_mountain,Splash Mountain,ATTRACTION,2026-09-03T23:10:05.161Z,CLOSED,FINISHED,,
tokyo_disneyland,e3577b4a-f1d9-4ec5-aacf-b99977ea88c9,tdl_westernland_big_thunder_mountain,Big Thunder Mountain,ATTRACTION,2026-09-03T23:10:05.139Z,CLOSED,AVAILABLE,,
tokyo_disneyland,e76670f0-9f5f-4918-8491-9bf51e73a596,tdl_new_fantasyland_enchanted_tale_of_beauty_and_the_beast,Enchanted Tale of Beauty and the Beast,ATTRACTION,2026-09-03T23:10:05.204Z,CLOSED,AVAILABLE,,
tokyo_disneyland,a88464b5-2cf5-4ef1-b38f-96e07b233bf2,tdl_fantasyland_poohs_hunny_hunt,Pooh's Hunny Hunt,ATTRACTION,2026-09-03T23:10:05.172Z,CLOSED,AVAILABLE,,
tokyo_disneyland,ca00a0e8-f069-4d0a-9d5e-10cb63010956,tdl_tomorrowland_baymax_happy_ride,The Happy Ride with Baymax,ATTRACTION,2026-09-03T23:10:05.191Z,CLOSED,AVAILABLE,,
tokyo_disneyland,4ed6a812-df04-4aa8-acb9-c6b164dbb706,tdl_tomorrowland_monsters_inc_ride_and_go_seek,"Monsters, Inc. Ride & Go Seek!",ATTRACTION,2026-09-03T23:17:07.082Z,CLOSED,AVAILABLE,,
tokyo_disneyland,dfe25d8e-e234-4020-a261-30c6825d0680,tdl_critter_country_splash_mountain,Splash Mountain,ATTRACTION,2026-09-03T23:17:07.071Z,CLOSED,FINISHED,,
tokyo_disneyland,e3577b4a-f1d9-4ec5-aacf-b99977ea88c9,tdl_westernland_big_thunder_mountain,Big Thunder Mountain,ATTRACTION,2026-09-03T23:17:07.065Z,CLOSED,AVAILABLE,,
tokyo_disneyland,e76670f0-9f5f-4918-8491-9bf51e73a596,tdl_new_fantasyland_enchanted_tale_of_beauty_and_the_beast,Enchanted Tale of Beauty and the Beast,ATTRACTION,2026-09-03T23:17:07.093Z,CLOSED,AVAILABLE,,
tokyo_disneyland,a88464b5-2cf5-4ef1-b38f-96e07b233bf2,tdl_fantasyland_poohs_hunny_hunt,Pooh's Hunny Hunt,ATTRACTION,2026-09-03T23:17:07.076Z,CLOSED,AVAILABLE,,
tokyo_disneyland,ca00a0e8-f069-4d0a-9d5e-10cb63010956,tdl_tomorrowland_baymax_happy_ride,The Happy Ride with Baymax,ATTRACTION,2026-09-03T23:17:07.088Z,CLOSED,AVAILABLE,,
tokyo_disneyland,4ed6a812-df04-4aa8-acb9-c6b164dbb706,tdl_tomorrowland_monsters_inc_ride_and_go_seek,"Monsters, Inc. Ride & Go Seek!",ATTRACTION,2026-09-03T23:22:20.586Z,CLOSED,AVAILABLE,,
tokyo_disneyland,dfe25d8e-e234-4020-a261-30c6825d0680,tdl_critter_country_splash_mountain,Splash Mountain,ATTRACTION,2026-09-03T23:22:20.572Z,CLOSED,FINISHED,,
tokyo_disneyland,e3577b4a-f1d9-4ec5-aacf-b99977ea88c9,tdl_westernland_big_thunder_mountain,Big Thunder Mountain,ATTRACTION,2026-09-03T23:22:20.565Z,CLOSED,AVAILABLE,,
tokyo_disneyland,e76670f0-9f5f-4918-8491-9bf51e73a596,tdl_new_fantasyland_enchanted_tale_of_beauty_and_the_beast,Enchanted Tale of Beauty and the Beast,ATTRACTION,2026-09-03T23:22:20.599Z,CLOSED,AVAILABLE,,
tokyo_disneyland,a88464b5-2cf5-4ef1-b38f-96e07b233bf2,tdl_fantasyland_poohs_hunny_hunt,Pooh's Hunny Hunt,ATTRACTION,2026-09-03T23:22:20.578Z,CLOSED,AVAILABLE,,
tokyo_disneyland,ca00a0e8-f069-4d0a-9d5e-10cb63010956,tdl_tomorrowland_baymax_happy_ride,The Happy Ride with Baymax,ATTRACTION,2026-09-03T23:22:20.592Z,CLOSED,AVAILABLE,,
tokyo_disneyland,4ed6a812-df04-4aa8-acb9-c6b164dbb706,tdl_tomorrowland_monsters_inc_ride_and_go_seek,"Monsters, Inc. Ride & Go Seek!",ATTRACTION,2026-09-03T23:29:17.423Z,CLOSED,AVAILABLE,,
tokyo_disneyland,dfe25d8e-e234-4020-a261-30c6825d0680,tdl_critter_country_splash_mountain,Splash Mountain,ATTRACTION,2026-09-03T23:29:17.409Z,CLOSED,FINISHED,,
tokyo_disneyland,e3577b4a-f1d9-4ec5-aacf-b99977ea88c9,tdl_westernland_big_thunder_mountain,Big Thunder Mountain,ATTRACTION,2026-09-03T23:29:17.401Z,CLOSED,AVAILABLE,,
tokyo_disneyland,e76670f0-9f5f-4918-8491-9bf51e73a596,tdl_new_fantasyland_enchanted_tale_of_beauty_and_the_beast,Enchanted Tale of Beauty and the Beast,ATTRACTION,2026-09-03T23:29:17.438Z,CLOSED,AVAILABLE,,
tokyo_disneyland,a88464b5-2cf5-4ef1-b38f-96e07b233bf2,tdl_fantasyland_poohs_hunny_hunt,Pooh's Hunny Hunt,ATTRACTION,2026-09-03T23:29:17.417Z,CLOSED,AVAILABLE,,
tokyo_disneyland,ca00a0e8-f069-4d0a-9d5e-10cb63010956,tdl_tomorrowland_baymax_happy_ride,The Happy Ride with Baymax,ATTRACTION,2026-09-03T23:29:17.431Z,CLOSED,AVAILABLE,,
tokyo_disneyland,4ed6a812-df04-4aa8-acb9-c6b164dbb706,tdl_tomorrowland_monsters_inc_ride_and_go_seek,"Monsters, Inc. Ride & Go Seek!",ATTRACTION,2026-09-03T23:32:48.027Z,CLOSED,AVAILABLE,,
tokyo_disneyland,dfe25d8e-e234-4020-a261-30c6825d0680,tdl_critter_country_splash_mountain,Splash Mountain,ATTRACTION,2026-09-03T23:32:48.014Z,CLOSED,FINISHED,,
tokyo_disneyland,e3577b4a-f1d9-4ec5-aacf-b99977ea88c9,tdl_westernland_big_thunder_mountain,Big Thunder Mountain,ATTRACTION,2026-09-03T23:32:48.006Z,CLOSED,AVAILABLE,,
tokyo_disneyland,e76670f0-9f5f-4918-8491-9bf51e73a596,tdl_new_fantasyland_enchanted_tale_of_beauty_and_the_beast,Enchanted Tale of Beauty and the Beast,ATTRACTION,2026-09-03T23:32:48.040Z,CLOSED,AVAILABLE,,
tokyo_disneyland,a88464b5-2cf5-4ef1-b38f-96e07b233bf2,tdl_fantasyland_poohs_hunny_hunt,Pooh's Hunny Hunt,ATTRACTION,2026-09-03T23:32:48.020Z,CLOSED,AVAILABLE,,
tokyo_disneyland,ca00a0e8-f069-4d0a-9d5e-10cb63010956,tdl_tomorrowland_baymax_happy_ride,The Happy Ride with Baymax,ATTRACTION,2026-09-03T23:32:48.034Z,CLOSED,AVAILABLE,,
tokyo_disneyland,4ed6a812-df04-4aa8-acb9-c6b164dbb706,tdl_tomorrowland_monsters_inc_ride_and_go_seek,"Monsters, Inc. Ride & Go Seek!",ATTRACTION,2026-09-03T23:43:09.750Z,CLOSED,AVAILABLE,,
tokyo_disneyland,dfe25d8e-e234-4020-a261-30c6825d0680,tdl_critter_country_splash_mountain,Splash Mountain,ATTRACTION,2026-09-03T23:43:09.735Z,CLOSED,FINISHED,,
tokyo_disneyland,e3577b4a-f1d9-4ec5-aacf-b99977ea88c9,tdl_westernland_big_thunder_mountain,Big Thunder Mountain,ATTRACTION,2026-09-03T23:43:09.727Z,CLOSED,AVAILABLE,,
tokyo_disneyland,e76670f0-9f5f-4918-8491-9bf51e73a596,tdl_new_fantasyland_enchanted_tale_of_beauty_and_the_beast,Enchanted Tale of Beauty and the Beast,ATTRACTION,2026-09-03T23:43:09.774Z,CLOSED,AVAILABLE,,
tokyo_disneyland,a88464b5-2cf5-4ef1-b38f-96e07b233bf2,tdl_fantasyland_poohs_hunny_hunt,Pooh's Hunny Hunt,ATTRACTION,2026-09-03T23:43:09.742Z,CLOSED,AVAILABLE,,
tokyo_disneyland,ca00a0e8-f069-4d0a-9d5e-10cb63010956,tdl_tomorrowland_baymax_happy_ride,The Happy Ride with Baymax,ATTRACTION,2026-09-03T23:43:09.758Z,CLOSED,AVAILABLE,,
tokyo_disneyland,4ed6a812-df04-4aa8-acb9-c6b164dbb706,tdl_tomorrowland_monsters_inc_ride_and_go_seek,"Monsters, Inc. Ride & Go Seek!",ATTRACTION,2026-09-03T23:54:51.721Z,CLOSED,AVAILABLE,,
tokyo_disneyland,dfe25d8e-e234-4020-a261-30c6825d0680,tdl_critter_country_splash_mountain,Splash Mountain,ATTRACTION,2026-09-03T23:54:51.706Z,CLOSED,FINISHED,,
tokyo_disneyland,e3577b4a-f1d9-4ec5-aacf-b99977ea88c9,tdl_westernland_big_thunder_mountain,Big Thunder Mountain,ATTRACTION,2026-09-03T23:54:51.697Z,CLOSED,AVAILABLE,,
tokyo_disneyland,e76670f0-9f5f-4918-8491-9bf51e73a596,tdl_new_fantasyland_enchanted_tale_of_beauty_and_the_beast,Enchanted Tale of Beauty and the Beast,ATTRACTION,2026-09-03T23:54:51.734Z,CLOSED,AVAILABLE,,
tokyo_disneyland,a88464b5-2cf5-4ef1-b38f-96e07b233bf2,tdl_fantasyland_poohs_hunny_hunt,Pooh's Hunny Hunt,ATTRACTION,2026-09-03T23:54:51.713Z,CLOSED,AVAILABLE,,
tokyo_disneyland,ca00a0e8-f069-4d0a-9d5e-10cb63010956,tdl_tomorrowland_baymax_happy_ride,The Happy Ride with Baymax,ATTRACTION,2026-09-03T23:54:51.727Z,CLOSED,AVAILABLE,,
tokyo_disneyland,4ed6a812-df04-4aa8-acb9-c6b164dbb706,tdl_tomorrowland_monsters_inc_ride_and_go_seek,"Monsters, Inc. Ride & Go Seek!",ATTRACTION,2026-09-04T00:04:45.936Z,OPERATING,AVAILABLE,,
tokyo_disneyland,dfe25d8e-e234-4020-a261-30c6825d0680,tdl_critter_country_splash_mountain,Splash Mountain,ATTRACTION,2026-09-04T00:01:01.399Z,DOWN,FINISHED,,
tokyo_disneyland,e3577b4a-f1d9-4ec5-aacf-b99977ea88c9,tdl_westernland_big_thunder_mountain,Big Thunder Mountain,ATTRACTION,2026-09-04T00:04:45.921Z,OPERATING,AVAILABLE,,
tokyo_disneyland,e76670f0-9f5f-4918-8491-9bf51e73a596,tdl_new_fantasyland_enchanted_tale_of_beauty_and_the_beast,Enchanted Tale of Beauty and the Beast,ATTRACTION,2026-09-04T00:04:45.951Z,OPERATING,AVAILABLE,,
tokyo_disneyland,a88464b5-2cf5-4ef1-b38f-96e07b233bf2,tdl_fantasyland_poohs_hunny_hunt,Pooh's Hunny Hunt,ATTRACTION,2026-09-04T00:04:45.929Z,OPERATING,AVAILABLE,,
tokyo_disneyland,ca00a0e8-f069-4d0a-9d5e-10cb63010956,tdl_tomorrowland_baymax_happy_ride,The Happy Ride with Baymax,ATTRACTION,2026-09-04T00:04:45.944Z,OPERATING,AVAILABLE,,
tokyo_disneyland,4ed6a812-df04-4aa8-acb9-c6b164dbb706,tdl_tomorrowland_monsters_inc_ride_and_go_seek,"Monsters, Inc. Ride & Go Seek!",ATTRACTION,2026-09-04T00:07:26.036Z,OPERATING,AVAILABLE,,
tokyo_disneyland,dfe25d8e-e234-4020-a261-30c6825d0680,tdl_critter_country_splash_mountain,Splash Mountain,ATTRACTION,2026-09-04T00:07:26.022Z,DOWN,FINISHED,,
tokyo_disneyland,e3577b4a-f1d9-4ec5-aacf-b99977ea88c9,tdl_westernland_big_thunder_mountain,Big Thunder Mountain,ATTRACTION,2026-09-04T00:07:26.014Z,OPERATING,AVAILABLE,,
tokyo_disneyland,e76670f0-9f5f-4918-8491-9bf51e73a596,tdl_new_fantasyland_enchanted_tale_of_beauty_and_the_beast,Enchanted Tale of Beauty and the Beast,ATTRACTION,2026-09-04T00:07:26.056Z,OPERATING,AVAILABLE,,
tokyo_disneyland,a88464b5-2cf5-4ef1-b38f-96e07b233bf2,tdl_fantasyland_poohs_hunny_hunt,Pooh's Hunny Hunt,ATTRACTION,2026-09-04T00:07:26.030Z,OPERATING,AVAILABLE,,
tokyo_disneyland,ca00a0e8-f069-4d0a-9d5e-10cb63010956,tdl_tomorrowland_baymax_happy_ride,The Happy Ride with Baymax,ATTRACTION,2026-09-04T00:07:26.046Z,OPERATING,AVAILABLE,,
tokyo_disneyland,4ed6a812-df04-4aa8-acb9-c6b164dbb706,tdl_tomorrowland_monsters_inc_ride_and_go_seek,"Monsters, Inc. Ride & Go Seek!",ATTRACTION,2026-09-04T00:14:06.724Z,OPERATING,AVAILABLE,,
tokyo_disneyland,e3577b4a-f1d9-4ec5-aacf-b99977ea88c9,tdl_westernland_big_thunder_mountain,Big Thunder Mountain,ATTRACTION,2026-09-04T00:11:24.161Z,OPERATING,AVAILABLE,,
tokyo_disneyland,e76670f0-9f5f-4918-8491-9bf51e73a596,tdl_new_fantasyland_enchanted_tale_of_beauty_and_the_beast,Enchanted Tale of Beauty and the Beast,ATTRACTION,2026-09-04T00:14:06.741Z,OPERATING,AVAILABLE,,
tokyo_disneyland,a88464b5-2cf5-4ef1-b38f-96e07b233bf2,tdl_fantasyland_poohs_hunny_hunt,Pooh's Hunny Hunt,ATTRACTION,2026-09-04T00:14:06.707Z,OPERATING,AVAILABLE,,
tokyo_disneyland,ca00a0e8-f069-4d0a-9d5e-10cb63010956,tdl_tomorrowland_baymax_happy_ride,The Happy Ride with Baymax,ATTRACTION,2026-09-04T00:14:06.734Z,OPERATING,AVAILABLE,,
tokyo_disneyland,4ed6a812-df04-4aa8-acb9-c6b164dbb706,tdl_tomorrowland_monsters_inc_ride_and_go_seek,"Monsters, Inc. Ride & Go Seek!",ATTRACTION,2026-09-04T00:19:30.377Z,OPERATING,AVAILABLE,,
tokyo_disneyland,dfe25d8e-e234-4020-a261-30c6825d0680,tdl_critter_country_splash_mountain,Splash Mountain,ATTRACTION,2026-09-04T00:19:30.346Z,DOWN,FINISHED,,
tokyo_disneyland,e3577b4a-f1d9-4ec5-aacf-b99977ea88c9,tdl_westernland_big_thunder_mountain,Big Thunder Mountain,ATTRACTION,2026-09-04T00:19:30.338Z,OPERATING,AVAILABLE,,
tokyo_disneyland,e76670f0-9f5f-4918-8491-9bf51e73a596,tdl_new_fantasyland_enchanted_tale_of_beauty_and_the_beast,Enchanted Tale of Beauty and the Beast,ATTRACTION,2026-09-04T00:19:30.392Z,OPERATING,AVAILABLE,,
tokyo_disneyland,a88464b5-2cf5-4ef1-b38f-96e07b233bf2,tdl_fantasyland_poohs_hunny_hunt,Pooh's Hunny Hunt,ATTRACTION,2026-09-04T00:19:30.369Z,OPERATING,AVAILABLE,,
tokyo_disneyland,ca00a0e8-f069-4d0a-9d5e-10cb63010956,tdl_tomorrowland_baymax_happy_ride,The Happy Ride with Baymax,ATTRACTION,2026-09-04T00:19:30.385Z,OPERATING,AVAILABLE,,
tokyo_disneyland,4ed6a812-df04-4aa8-acb9-c6b164dbb706,tdl_tomorrowland_monsters_inc_ride_and_go_seek,"Monsters, Inc. Ride & Go Seek!",ATTRACTION,2026-09-04T00:24:02.740Z,OPERATING,AVAILABLE,,
tokyo_disneyland,e3577b4a-f1d9-4ec5-aacf-b99977ea88c9,tdl_westernland_big_thunder_mountain,Big Thunder Mountain,ATTRACTION,2026-09-04T00:24:02.691Z,OPERATING,AVAILABLE,,
tokyo_disneyland,a88464b5-2cf5-4ef1-b38f-96e07b233bf2,tdl_fantasyland_poohs_hunny_hunt,Pooh's Hunny Hunt,ATTRACTION,2026-09-04T00:24:02.729Z,OPERATING,AVAILABLE,,
tokyo_disneyland,e3577b4a-f1d9-4ec5-aacf-b99977ea88c9,tdl_westernland_big_thunder_mountain,Big Thunder Mountain,ATTRACTION,2026-09-04T00:25:54.842Z,OPERATING,AVAILABLE,,
tokyo_disneyland,e76670f0-9f5f-4918-8491-9bf51e73a596,tdl_new_fantasyland_enchanted_tale_of_beauty_and_the_beast,Enchanted Tale of Beauty and the Beast,ATTRACTION,2026-09-04T00:28:54.623Z,OPERATING,AVAILABLE,,
tokyo_disneyland,a88464b5-2cf5-4ef1-b38f-96e07b233bf2,tdl_fantasyland_poohs_hunny_hunt,Pooh's Hunny Hunt,ATTRACTION,2026-09-04T00:28:54.615Z,OPERATING,AVAILABLE,,
tokyo_disneyland,ca00a0e8-f069-4d0a-9d5e-10cb63010956,tdl_tomorrowland_baymax_happy_ride,The Happy Ride with Baymax,ATTRACTION,2026-09-04T00:27:09.004Z,OPERATING,AVAILABLE,,
tokyo_disneyland,4ed6a812-df04-4aa8-acb9-c6b164dbb706,tdl_tomorrowland_monsters_inc_ride_and_go_seek,"Monsters, Inc. Ride & Go Seek!",ATTRACTION,2026-09-04T00:32:00.285Z,OPERATING,AVAILABLE,,
tokyo_disneyland,dfe25d8e-e234-4020-a261-30c6825d0680,tdl_critter_country_splash_mountain,Splash Mountain,ATTRACTION,2026-09-04T00:32:00.229Z,DOWN,FINISHED,,
tokyo_disneyland,e3577b4a-f1d9-4ec5-aacf-b99977ea88c9,tdl_westernland_big_thunder_mountain,Big Thunder Mountain,ATTRACTION,2026-09-04T00:32:00.216Z,OPERATING,AVAILABLE,,
tokyo_disneyland,e76670f0-9f5f-4918-8491-9bf51e73a596,tdl_new_fantasyland_enchanted_tale_of_beauty_and_the_beast,Enchanted Tale of Beauty and the Beast,ATTRACTION,2026-09-04T00:32:00.317Z,OPERATING,AVAILABLE,,
tokyo_disneyland,a88464b5-2cf5-4ef1-b38f-96e07b233bf2,tdl_fantasyland_poohs_hunny_hunt,Pooh's Hunny Hunt,ATTRACTION,2026-09-04T00:33:08.848Z,OPERATING,AVAILABLE,,
tokyo_disneyland,ca00a0e8-f069-4d0a-9d5e-10cb63010956,tdl_tomorrowland_baymax_happy_ride,The Happy Ride with Baymax,ATTRACTION,2026-09-04T00:32:00.306Z,OPERATING,AVAILABLE,,
tokyo_disneyland,a88464b5-2cf5-4ef1-b38f-96e07b233bf2,tdl_fantasyland_poohs_hunny_hunt,Pooh's Hunny Hunt,ATTRACTION,2026-09-04T00:38:21.264Z,OPERATING,AVAILABLE,,
tokyo_disneyland,ca00a0e8-f069-4d0a-9d5e-10cb63010956,tdl_tomorrowland_baymax_happy_ride,The Happy Ride with Baymax,ATTRACTION,2026-09-04T00:38:21.277Z,OPERATING,AVAILABLE,,
tokyo_disneyland,4ed6a812-df04-4aa8-acb9-c6b164dbb706,tdl_tomorrowland_monsters_inc_ride_and_go_seek,"Monsters, Inc. Ride & Go Seek!",ATTRACTION,2026-09-04T00:41:41.835Z,OPERATING,AVAILABLE,,
tokyo_disneyland,e3577b4a-f1d9-4ec5-aacf-b99977ea88c9,tdl_westernland_big_thunder_mountain,Big Thunder Mountain,ATTRACTION,2026-09-04T00:41:41.814Z,OPERATING,AVAILABLE,,
tokyo_disneyland,4ed6a812-df04-4aa8-acb9-c6b164dbb706,tdl_tomorrowland_monsters_inc_ride_and_go_seek,"Monsters, Inc. Ride & Go Seek!",ATTRACTION,2026-09-04T00:45:52.139Z,OPERATING,AVAILABLE,,
tokyo_disneyland,dfe25d8e-e234-4020-a261-30c6825d0680,tdl_critter_country_splash_mountain,Splash Mountain,ATTRACTION,2026-09-04T00:45:52.109Z,DOWN,FINISHED,,
tokyo_disneyland,e3577b4a-f1d9-4ec5-aacf-b99977ea88c9,tdl_westernland_big_thunder_mountain,Big Thunder Mountain,ATTRACTION,2026-09-04T00:45:52.103Z,OPERATING,AVAILABLE,,
tokyo_disneyland,e76670f0-9f5f-4918-8491-9bf51e73a596,tdl_new_fantasyland_enchanted_tale_of_beauty_and_the_beast,Enchanted Tale of Beauty and the Beast,ATTRACTION,2026-09-04T00:49:11.064Z,OPERATING,AVAILABLE,,
tokyo_disneyland,a88464b5-2cf5-4ef1-b38f-96e07b233bf2,tdl_fantasyland_poohs_hunny_hunt,Pooh's Hunny Hunt,ATTRACTION,2026-09-04T00:49:11.055Z,OPERATING,AVAILABLE,,
tokyo_disneyland,ca00a0e8-f069-4d0a-9d5e-10cb63010956,tdl_tomorrowland_baymax_happy_ride,The Happy Ride with Baymax,ATTRACTION,2026-09-04T00:45:52.146Z,OPERATING,AVAILABLE,,
tokyo_disneyland,e76670f0-9f5f-4918-8491-9bf51e73a596,tdl_new_fantasyland_enchanted_tale_of_beauty_and_the_beast,Enchanted Tale of Beauty and the Beast,ATTRACTION,2026-09-04T00:54:04.542Z,OPERATING,AVAILABLE,,
tokyo_disneyland,a88464b5-2cf5-4ef1-b38f-96e07b233bf2,tdl_fantasyland_poohs_hunny_hunt,Pooh's Hunny Hunt,ATTRACTION,2026-09-04T00:51:08.003Z,OPERATING,AVAILABLE,,
tokyo_disneyland,ca00a0e8-f069-4d0a-9d5e-10cb63010956,tdl_tomorrowland_baymax_happy_ride,The Happy Ride with Baymax,ATTRACTION,2026-09-04T00:52:52.657Z,OPERATING,AVAILABLE,,
tokyo_disneyland,4ed6a812-df04-4aa8-acb9-c6b164dbb706,tdl_tomorrowland_monsters_inc_ride_and_go_seek,"Monsters, Inc. Ride & Go Seek!",ATTRACTION,2026-09-04T00:59:25.073Z,OPERATING,AVAILABLE,,
tokyo_disneyland,dfe25d8e-e234-4020-a261-30c6825d0680,tdl_critter_country_splash_mountain,Splash Mountain,ATTRACTION,2026-09-04T00:59:25.058Z,DOWN,AVAILABLE,,
tokyo_disneyland,e3577b4a-f1d9-4ec5-aacf-b99977ea88c9,tdl_westernland_big_thunder_mountain,Big Thunder Mountain,ATTRACTION,2026-09-04T00:59:25.050Z,OPERATING,AVAILABLE,,
tokyo_disneyland,e76670f0-9f5f-4918-8491-9bf51e73a596,tdl_new_fantasyland_enchanted_tale_of_beauty_and_the_beast,Enchanted Tale of Beauty and the Beast,ATTRACTION,2026-09-04T00:59:25.087Z,OPERATING,AVAILABLE,,
tokyo_disneyland,a88464b5-2cf5-4ef1-b38f-96e07b233bf2,tdl_fantasyland_poohs_hunny_hunt,Pooh's Hunny Hunt,ATTRACTION,2026-09-04T00:59:25.066Z,OPERATING,AVAILABLE,,
tokyo_disneyland,ca00a0e8-f069-4d0a-9d5e-10cb63010956,tdl_tomorrowland_baymax_happy_ride,The Happy Ride with Baymax,ATTRACTION,2026-09-04T00:59:25.080Z,OPERATING,AVAILABLE,,
tokyo_disneyland,e3577b4a-f1d9-4ec5-aacf-b99977ea88c9,tdl_westernland_big_thunder_mountain,Big Thunder Mountain,ATTRACTION,2026-09-04T01:03:26.119Z,OPERATING,AVAILABLE,,
tokyo_disneyland,4ed6a812-df04-4aa8-acb9-c6b164dbb706,tdl_tomorrowland_monsters_inc_ride_and_go_seek,"Monsters, Inc. Ride & Go Seek!",ATTRACTION,2026-09-04T01:13:45.551Z,OPERATING,AVAILABLE,,
tokyo_disneyland,dfe25d8e-e234-4020-a261-30c6825d0680,tdl_critter_country_splash_mountain,Splash Mountain,ATTRACTION,2026-09-04T01:13:45.538Z,DOWN,AVAILABLE,,
tokyo_disneyland,e3577b4a-f1d9-4ec5-aacf-b99977ea88c9,tdl_westernland_big_thunder_mountain,Big Thunder Mountain,ATTRACTION,2026-09-04T01:13:45.532Z,OPERATING,AVAILABLE,,
tokyo_disneyland,e76670f0-9f5f-4918-8491-9bf51e73a596,tdl_new_fantasyland_enchanted_tale_of_beauty_and_the_beast,Enchanted Tale of Beauty and the Beast,ATTRACTION,2026-09-04T01:13:45.567Z,OPERATING,AVAILABLE,,
tokyo_disneyland,a88464b5-2cf5-4ef1-b38f-96e07b233bf2,tdl_fantasyland_poohs_hunny_hunt,Pooh's Hunny Hunt,ATTRACTION,2026-09-04T01:13:45.545Z,OPERATING,AVAILABLE,,
tokyo_disneyland,ca00a0e8-f069-4d0a-9d5e-10cb63010956,tdl_tomorrowland_baymax_happy_ride,The Happy Ride with Baymax,ATTRACTION,2026-09-04T01:13:45.557Z,OPERATING,AVAILABLE,,
tokyo_disneyland,e3577b4a-f1d9-4ec5-aacf-b99977ea88c9,tdl_westernland_big_thunder_mountain,Big Thunder Mountain,ATTRACTION,2026-09-04T01:19:06.961Z,OPERATING,AVAILABLE,,
tokyo_disneyland,ca00a0e8-f069-4d0a-9d5e-10cb63010956,tdl_tomorrowland_baymax_happy_ride,The Happy Ride with Baymax,ATTRACTION,2026-09-04T01:19:06.970Z,OPERATING,AVAILABLE,,
tokyo_disneyland,4ed6a812-df04-4aa8-acb9-c6b164dbb706,tdl_tomorrowland_monsters_inc_ride_and_go_seek,"Monsters, Inc. Ride & Go Seek!",ATTRACTION,2026-09-04T01:22:18.732Z,OPERATING,AVAILABLE,,
tokyo_disneyland,dfe25d8e-e234-4020-a261-30c6825d0680,tdl_critter_country_splash_mountain,Splash Mountain,ATTRACTION,2026-09-04T01:22:18.716Z,DOWN,AVAILABLE,,
tokyo_disneyland,e3577b4a-f1d9-4ec5-aacf-b99977ea88c9,tdl_westernland_big_thunder_mountain,Big Thunder Mountain,ATTRACTION,2026-09-04T01:22:18.705Z,OPERATING,AVAILABLE,,
tokyo_disneyland,e76670f0-9f5f-4918-8491-9bf51e73a596,tdl_new_fantasyland_enchanted_tale_of_beauty_and_the_beast,Enchanted Tale of Beauty and the Beast,ATTRACTION,2026-09-04T01:22:18.740Z,OPERATING,AVAILABLE,,
tokyo_disneyland,a88464b5-2cf5-4ef1-b38f-96e07b233bf2,tdl_fantasyland_poohs_hunny_hunt,Pooh's Hunny Hunt,ATTRACTION,2026-09-04T01:22:18.723Z,OPERATING,AVAILABLE,,
tokyo_disneyland,4ed6a812-df04-4aa8-acb9-c6b164dbb706,tdl_tomorrowland_monsters_inc_ride_and_go_seek,"Monsters, Inc. Ride & Go Seek!",ATTRACTION,2026-09-04T01:24:51.887Z,OPERATING,AVAILABLE,,
tokyo_disneyland,dfe25d8e-e234-4020-a261-30c6825d0680,tdl_critter_country_splash_mountain,Splash Mountain,ATTRACTION,2026-09-04T01:24:51.863Z,DOWN,AVAILABLE,,
tokyo_disneyland,e3577b4a-f1d9-4ec5-aacf-b99977ea88c9,tdl_westernland_big_thunder_mountain,Big Thunder Mountain,ATTRACTION,2026-09-04T01:24:51.855Z,OPERATING,AVAILABLE,,
tokyo_disneyland,e76670f0-9f5f-4918-8491-9bf51e73a596,tdl_new_fantasyland_enchanted_tale_of_beauty_and_the_beast,Enchanted Tale of Beauty and the Beast,ATTRACTION,2026-09-04T01:24:51.900Z,OPERATING,AVAILABLE,,
tokyo_disneyland,a88464b5-2cf5-4ef1-b38f-96e07b233bf2,tdl_fantasyland_poohs_hunny_hunt,Pooh's Hunny Hunt,ATTRACTION,2026-09-04T01:28:41.925Z,OPERATING,AVAILABLE,,
tokyo_disneyland,ca00a0e8-f069-4d0a-9d5e-10cb63010956,tdl_tomorrowland_baymax_happy_ride,The Happy Ride with Baymax,ATTRACTION,2026-09-04T01:28:41.932Z,OPERATING,AVAILABLE,,
tokyo_disneyland,4ed6a812-df04-4aa8-acb9-c6b164dbb706,tdl_tomorrowland_monsters_inc_ride_and_go_seek,"Monsters, Inc. Ride & Go Seek!",ATTRACTION,2026-09-04T01:35:00.628Z,OPERATING,AVAILABLE,,
tokyo_disneyland,dfe25d8e-e234-4020-a261-30c6825d0680,tdl_critter_country_splash_mountain,Splash Mountain,ATTRACTION,2026-09-04T01:35:00.582Z,DOWN,AVAILABLE,,
tokyo_disneyland,e3577b4a-f1d9-4ec5-aacf-b99977ea88c9,tdl_westernland_big_thunder_mountain,Big Thunder Mountain,ATTRACTION,2026-09-04T01:35:00.513Z,OPERATING,AVAILABLE,,
tokyo_disneyland,e76670f0-9f5f-4918-8491-9bf51e73a596,tdl_new_fantasyland_enchanted_tale_of_beauty_and_the_beast,Enchanted Tale of Beauty and the Beast,ATTRACTION,2026-09-04T01:35:00.674Z,OPERATING,AVAILABLE,,
tokyo_disneyland,a88464b5-2cf5-4ef1-b38f-96e07b233bf2,tdl_fantasyland_poohs_hunny_hunt,Pooh's Hunny Hunt,ATTRACTION,2026-09-04T01:35:00.607Z,OPERATING,AVAILABLE,,
tokyo_disneyland,ca00a0e8-f069-4d0a-9d5e-10cb63010956,tdl_tomorrowland_baymax_happy_ride,The Happy Ride with Baymax,ATTRACTION,2026-09-04T01:35:00.645Z,OPERATING,AVAILABLE,,
tokyo_disneyland,4ed6a812-df04-4aa8-acb9-c6b164dbb706,tdl_tomorrowland_monsters_inc_ride_and_go_seek,"Monsters, Inc. Ride & Go Seek!",ATTRACTION,2026-09-04T01:37:58.068Z,OPERATING,AVAILABLE,,
tokyo_disneyland,e3577b4a-f1d9-4ec5-aacf-b99977ea88c9,tdl_westernland_big_thunder_mountain,Big Thunder Mountain,ATTRACTION,2026-09-04T01:37:58.061Z,OPERATING,AVAILABLE,,
tokyo_disneyland,ca00a0e8-f069-4d0a-9d5e-10cb63010956,tdl_tomorrowland_baymax_happy_ride,The Happy Ride with Baymax,ATTRACTION,2026-09-04T01:37:58.076Z,OPERATING,AVAILABLE,,
tokyo_disneyland,dfe25d8e-e234-4020-a261-30c6825d0680,tdl_critter_country_splash_mountain,Splash Mountain,ATTRACTION,2026-09-04T01:42:08.363Z,OPERATING,AVAILABLE,,
tokyo_disneyland,ca00a0e8-f069-4d0a-9d5e-10cb63010956,tdl_tomorrowland_baymax_happy_ride,The Happy Ride with Baymax,ATTRACTION,2026-09-04T01:42:08.375Z,OPERATING,AVAILABLE,,
tokyo_disneyland,4ed6a812-df04-4aa8-acb9-c6b164dbb706,tdl_tomorrowland_monsters_inc_ride_and_go_seek,"Monsters, Inc. Ride & Go Seek!",ATTRACTION,2026-09-04T01:48:23.893Z,OPERATING,AVAILABLE,,
tokyo_disneyland,dfe25d8e-e234-4020-a261-30c6825d0680,tdl_critter_country_splash_mountain,Splash Mountain,ATTRACTION,2026-09-04T01:48:23.880Z,OPERATING,AVAILABLE,,
tokyo_disneyland,e3577b4a-f1d9-4ec5-aacf-b99977ea88c9,tdl_westernland_big_thunder_mountain,Big Thunder Mountain,ATTRACTION,2026-09-04T01:48:23.873Z,OPERATING,AVAILABLE,,
tokyo_disneyland,e76670f0-9f5f-4918-8491-9bf51e73a596,tdl_new_fantasyland_enchanted_tale_of_beauty_and_the_beast,Enchanted Tale of Beauty and the Beast,ATTRACTION,2026-09-04T01:48:23.906Z,OPERATING,AVAILABLE,,
tokyo_disneyland,a88464b5-2cf5-4ef1-b38f-96e07b233bf2,tdl_fantasyland_poohs_hunny_hunt,Pooh's Hunny Hunt,ATTRACTION,2026-09-04T01:48:23.888Z,OPERATING,AVAILABLE,,
tokyo_disneyland,ca00a0e8-f069-4d0a-9d5e-10cb63010956,tdl_tomorrowland_baymax_happy_ride,The Happy Ride with Baymax,ATTRACTION,2026-09-04T01:48:23.901Z,OPERATING,AVAILABLE,,
tokyo_disneyland,dfe25d8e-e234-4020-a261-30c6825d0680,tdl_critter_country_splash_mountain,Splash Mountain,ATTRACTION,2026-09-04T01:54:30.161Z,OPERATING,AVAILABLE,,
tokyo_disneyland,e3577b4a-f1d9-4ec5-aacf-b99977ea88c9,tdl_westernland_big_thunder_mountain,Big Thunder Mountain,ATTRACTION,2026-09-04T01:54:30.153Z,OPERATING,AVAILABLE,,
tokyo_disneyland,dfe25d8e-e234-4020-a261-30c6825d0680,tdl_critter_country_splash_mountain,Splash Mountain,ATTRACTION,2026-09-04T01:57:46.308Z,OPERATING,AVAILABLE,,
tokyo_disneyland,4ed6a812-df04-4aa8-acb9-c6b164dbb706,tdl_tomorrowland_monsters_inc_ride_and_go_seek,"Monsters, Inc. Ride & Go Seek!",ATTRACTION,2026-09-04T02:00:59.553Z,OPERATING,AVAILABLE,,
tokyo_disneyland,dfe25d8e-e234-4020-a261-30c6825d0680,tdl_critter_country_splash_mountain,Splash Mountain,ATTRACTION,2026-09-04T02:00:59.538Z,OPERATING,AVAILABLE,,
tokyo_disneyland,e3577b4a-f1d9-4ec5-aacf-b99977ea88c9,tdl_westernland_big_thunder_mountain,Big Thunder Mountain,ATTRACTION,2026-09-04T02:00:59.530Z,OPERATING,AVAILABLE,,
tokyo_disneyland,e76670f0-9f5f-4918-8491-9bf51e73a596,tdl_new_fantasyland_enchanted_tale_of_beauty_and_the_beast,Enchanted Tale of Beauty and the Beast,ATTRACTION,2026-09-04T02:00:59.569Z,OPERATING,AVAILABLE,,
tokyo_disneyland,a88464b5-2cf5-4ef1-b38f-96e07b233bf2,tdl_fantasyland_poohs_hunny_hunt,Pooh's Hunny Hunt,ATTRACTION,2026-09-04T02:00:59.545Z,OPERATING,AVAILABLE,,
tokyo_disneyland,ca00a0e8-f069-4d0a-9d5e-10cb63010956,tdl_tomorrowland_baymax_happy_ride,The Happy Ride with Baymax,ATTRACTION,2026-09-04T02:00:59.561Z,OPERATING,AVAILABLE,,
tokyo_disneyland,dfe25d8e-e234-4020-a261-30c6825d0680,tdl_critter_country_splash_mountain,Splash Mountain,ATTRACTION,2026-09-04T02:07:15.112Z,OPERATING,AVAILABLE,,
tokyo_disneyland,e76670f0-9f5f-4918-8491-9bf51e73a596,tdl_new_fantasyland_enchanted_tale_of_beauty_and_the_beast,Enchanted Tale of Beauty and the Beast,ATTRACTION,2026-09-04T02:09:26.499Z,OPERATING,AVAILABLE,,
tokyo_disneyland,ca00a0e8-f069-4d0a-9d5e-10cb63010956,tdl_tomorrowland_baymax_happy_ride,The Happy Ride with Baymax,ATTRACTION,2026-09-04T02:07:15.120Z,OPERATING,AVAILABLE,,
tokyo_disneyland,4ed6a812-df04-4aa8-acb9-c6b164dbb706,tdl_tomorrowland_monsters_inc_ride_and_go_seek,"Monsters, Inc. Ride & Go Seek!",ATTRACTION,2026-09-04T02:13:58.540Z,OPERATING,AVAILABLE,,
tokyo_disneyland,dfe25d8e-e234-4020-a261-30c6825d0680,tdl_critter_country_splash_mountain,Splash Mountain,ATTRACTION,2026-09-04T02:13:58.528Z,OPERATING,AVAILABLE,,
tokyo_disneyland,e3577b4a-f1d9-4ec5-aacf-b99977ea88c9,tdl_westernland_big_thunder_mountain,Big Thunder Mountain,ATTRACTION,2026-09-04T02:13:58.521Z,OPERATING,AVAILABLE,,
tokyo_disneyland,e76670f0-9f5f-4918-8491-9bf51e73a596,tdl_new_fantasyland_enchanted_tale_of_beauty_and_the_beast,Enchanted Tale of Beauty and the Beast,ATTRACTION,2026-09-04T02:13:58.553Z,OPERATING,AVAILABLE,,
tokyo_disneyland,a88464b5-2cf5-4ef1-b38f-96e07b233bf2,tdl_fantasyland_poohs_hunny_hunt,Pooh's Hunny Hunt,ATTRACTION,2026-09-04T02:13:58.534Z,OPERATING,AVAILABLE,,
tokyo_disneyland,ca00a0e8-f069-4d0a-9d5e-10cb63010956,tdl_tomorrowland_baymax_happy_ride,The Happy Ride with Baymax,ATTRACTION,2026-09-04T02:13:58.547Z,OPERATING,AVAILABLE,,
tokyo_disneyland,dfe25d8e-e234-4020-a261-30c6825d0680,tdl_critter_country_splash_mountain,Splash Mountain,ATTRACTION,2026-09-04T02:16:01.466Z,OPERATING,AVAILABLE,,
tokyo_disneyland,e76670f0-9f5f-4918-8491-9bf51e73a596,tdl_new_fantasyland_enchanted_tale_of_beauty_and_the_beast,Enchanted Tale of Beauty and the Beast,ATTRACTION,2026-09-04T02:16:32.479Z,OPERATING,AVAILABLE,,
tokyo_disneyland,4ed6a812-df04-4aa8-acb9-c6b164dbb706,tdl_tomorrowland_monsters_inc_ride_and_go_seek,"Monsters, Inc. Ride & Go Seek!",ATTRACTION,2026-09-04T02:21:59.848Z,OPERATING,AVAILABLE,,
tokyo_disneyland,dfe25d8e-e234-4020-a261-30c6825d0680,tdl_critter_country_splash_mountain,Splash Mountain,ATTRACTION,2026-09-04T02:21:59.821Z,OPERATING,AVAILABLE,,
tokyo_disneyland,a88464b5-2cf5-4ef1-b38f-96e07b233bf2,tdl_fantasyland_poohs_hunny_hunt,Pooh's Hunny Hunt,ATTRACTION,2026-09-04T02:21:59.841Z,OPERATING,AVAILABLE,,
tokyo_disneyland,4ed6a812-df04-4aa8-acb9-c6b164dbb706,tdl_tomorrowland_monsters_inc_ride_and_go_seek,"Monsters, Inc. Ride & Go Seek!",ATTRACTION,2026-09-04T02:26:54.350Z,OPERATING,AVAILABLE,,
tokyo_disneyland,dfe25d8e-e234-4020-a261-30c6825d0680,tdl_critter_country_splash_mountain,Splash Mountain,ATTRACTION,2026-09-04T02:26:54.338Z,OPERATING,AVAILABLE,,
tokyo_disneyland,e3577b4a-f1d9-4ec5-aacf-b99977ea88c9,tdl_westernland_big_thunder_mountain,Big Thunder Mountain,ATTRACTION,2026-09-04T02:26:54.332Z,OPERATING,AVAILABLE,,
tokyo_disneyland,e76670f0-9f5f-4918-8491-9bf51e73a596,tdl_new_fantasyland_enchanted_tale_of_beauty_and_the_beast,Enchanted Tale of Beauty and the Beast,ATTRACTION,2026-09-04T02:26:54.362Z,OPERATING,AVAILABLE,,
tokyo_disneyland,a88464b5-2cf5-4ef1-b38f-96e07b233bf2,tdl_fantasyland_poohs_hunny_hunt,Pooh's Hunny Hunt,ATTRACTION,2026-09-04T02:29:28.496Z,OPERATING,AVAILABLE,,
tokyo_disneyland,ca00a0e8-f069-4d0a-9d5e-10cb63010956,tdl_tomorrowland_baymax_happy_ride,The Happy Ride with Baymax,ATTRACTION,2026-09-04T02:29:28.507Z,OPERATING,AVAILABLE,,
tokyo_disneyland,e76670f0-9f5f-4918-8491-9bf51e73a596,tdl_new_fantasyland_enchanted_tale_of_beauty_and_the_beast,Enchanted Tale of Beauty and the Beast,ATTRACTION,2026-09-04T02:35:27.924Z,OPERATING,AVAILABLE,,
tokyo_disneyland,4ed6a812-df04-4aa8-acb9-c6b164dbb706,tdl_tomorrowland_monsters_inc_ride_and_go_seek,"Monsters, Inc. Ride & Go Seek!",ATTRACTION,2026-09-04T02:39:01.372Z,OPERATING,AVAILABLE,,
tokyo_disneyland,dfe25d8e-e234-4020-a261-30c6825d0680,tdl_critter_country_splash_mountain,Splash Mountain,ATTRACTION,2026-09-04T02:39:01.348Z,OPERATING,AVAILABLE,,
tokyo_disneyland,e3577b4a-f1d9-4ec5-aacf-b99977ea88c9,tdl_westernland_big_thunder_mountain,Big Thunder Mountain,ATTRACTION,2026-09-04T02:39:01.334Z,OPERATING,AVAILABLE,,
tokyo_disneyland,e76670f0-9f5f-4918-8491-9bf51e73a596,tdl_new_fantasyland_enchanted_tale_of_beauty_and_the_beast,Enchanted Tale of Beauty and the Beast,ATTRACTION,2026-09-04T02:39:01.398Z,OPERATING,AVAILABLE,,
tokyo_disneyland,a88464b5-2cf5-4ef1-b38f-96e07b233bf2,tdl_fantasyland_poohs_hunny_hunt,Pooh's Hunny Hunt,ATTRACTION,2026-09-04T02:39:01.359Z,OPERATING,AVAILABLE,,
tokyo_disneyland,ca00a0e8-f069-4d0a-9d5e-10cb63010956,tdl_tomorrowland_baymax_happy_ride,The Happy Ride with Baymax,ATTRACTION,2026-09-04T02:39:01.387Z,OPERATING,AVAILABLE,,
tokyo_disneyland,4ed6a812-df04-4aa8-acb9-c6b164dbb706,tdl_tomorrowland_monsters_inc_ride_and_go_seek,"Monsters, Inc. Ride & Go Seek!",ATTRACTION,2026-09-04T02:40:35.716Z,OPERATING,AVAILABLE,,
tokyo_disneyland,dfe25d8e-e234-4020-a261-30c6825d0680,tdl_critter_country_splash_mountain,Splash Mountain,ATTRACTION,2026-09-04T02:43:31.339Z,OPERATING,AVAILABLE,,
tokyo_disneyland,e3577b4a-f1d9-4ec5-aacf-b99977ea88c9,tdl_westernland_big_thunder_mountain,Big Thunder Mountain,ATTRACTION,2026-09-04T02:40:35.701Z,OPERATING,AVAILABLE,,
tokyo_disneyland,4ed6a812-df04-4aa8-acb9-c6b164dbb706,tdl_tomorrowland_monsters_inc_ride_and_go_seek,"Monsters, Inc. Ride & Go Seek!",ATTRACTION,2026-09-04T02:49:28.840Z,OPERATING,AVAILABLE,,
tokyo_disneyland,dfe25d8e-e234-4020-a261-30c6825d0680,tdl_critter_country_splash_mountain,Splash Mountain,ATTRACTION,2026-09-04T02:49:28.828Z,OPERATING,AVAILABLE,,
tokyo_disneyland,e3577b4a-f1d9-4ec5-aacf-b99977ea88c9,tdl_westernland_big_thunder_mountain,Big Thunder Mountain,ATTRACTION,2026-09-04T02:49:28.822Z,OPERATING,AVAILABLE,,
tokyo_disneyland,e76670f0-9f5f-4918-8491-9bf51e73a596,tdl_new_fantasyland_enchanted_tale_of_beauty_and_the_beast,Enchanted Tale of Beauty and the Beast,ATTRACTION,2026-09-04T02:49:28.852Z,OPERATING,AVAILABLE,,
tokyo_disneyland,a88464b5-2cf5-4ef1-b38f-96e07b233bf2,tdl_fantasyland_poohs_hunny_hunt,Pooh's Hunny Hunt,ATTRACTION,2026-09-04T02:49:28.834Z,OPERATING,AVAILABLE,,
tokyo_disneyland,ca00a0e8-f069-4d0a-9d5e-10cb63010956,tdl_tomorrowland_baymax_happy_ride,The Happy Ride with Baymax,ATTRACTION,2026-09-04T02:49:28.845Z,OPERATING,AVAILABLE,,
tokyo_disneyland,4ed6a812-df04-4aa8-acb9-c6b164dbb706,tdl_tomorrowland_monsters_inc_ride_and_go_seek,"Monsters, Inc. Ride & Go Seek!",ATTRACTION,2026-09-04T02:50:34.476Z,OPERATING,AVAILABLE,,
tokyo_disneyland,dfe25d8e-e234-4020-a261-30c6825d0680,tdl_critter_country_splash_mountain,Splash Mountain,ATTRACTION,2026-09-04T02:54:09.820Z,OPERATING,AVAILABLE,,
tokyo_disneyland,e3577b4a-f1d9-4ec5-aacf-b99977ea88c9,tdl_westernland_big_thunder_mountain,Big Thunder Mountain,ATTRACTION,2026-09-04T02:50:34.456Z,OPERATING,AVAILABLE,,
tokyo_disneyland,e76670f0-9f5f-4918-8491-9bf51e73a596,tdl_new_fantasyland_enchanted_tale_of_beauty_and_the_beast,Enchanted Tale of Beauty and the Beast,ATTRACTION,2026-09-04T02:50:34.488Z,OPERATING,AVAILABLE,,
tokyo_disneyland,a88464b5-2cf5-4ef1-b38f-96e07b233bf2,tdl_fantasyland_poohs_hunny_hunt,Pooh's Hunny Hunt,ATTRACTION,2026-09-04T02:50:34.469Z,OPERATING,AVAILABLE,,
tokyo_disneyland,ca00a0e8-f069-4d0a-9d5e-10cb63010956,tdl_tomorrowland_baymax_happy_ride,The Happy Ride with Baymax,ATTRACTION,2026-09-04T02:54:09.833Z,OPERATING,AVAILABLE,,
tokyo_disneyland,dfe25d8e-e234-4020-a261-30c6825d0680,tdl_critter_country_splash_mountain,Splash Mountain,ATTRACTION,2026-09-04T02:55:34.778Z,OPERATING,AVAILABLE,,
tokyo_disneyland,4ed6a812-df04-4aa8-acb9-c6b164dbb706,tdl_tomorrowland_monsters_inc_ride_and_go_seek,"Monsters, Inc. Ride & Go Seek!",ATTRACTION,2026-09-04T03:04:36.231Z,OPERATING,AVAILABLE,,
tokyo_disneyland,dfe25d8e-e234-4020-a261-30c6825d0680,tdl_critter_country_splash_mountain,Splash Mountain,ATTRACTION,2026-09-04T03:02:45.005Z,OPERATING,AVAILABLE,,
tokyo_disneyland,e3577b4a-f1d9-4ec5-aacf-b99977ea88c9,tdl_westernland_big_thunder_mountain,Big Thunder Mountain,ATTRACTION,2026-09-04T03:02:44.995Z,OPERATING,AVAILABLE,,
tokyo_disneyland,e76670f0-9f5f-4918-8491-9bf51e73a596,tdl_new_fantasyland_enchanted_tale_of_beauty_and_the_beast,Enchanted Tale of Beauty and the Beast,ATTRACTION,2026-09-04T03:02:45.061Z,OPERATING,AVAILABLE,,
tokyo_disneyland,a88464b5-2cf5-4ef1-b38f-96e07b233bf2,tdl_fantasyland_poohs_hunny_hunt,Pooh's Hunny Hunt,ATTRACTION,2026-09-04T03:02:45.021Z,OPERATING,AVAILABLE,,
tokyo_disneyland,ca00a0e8-f069-4d0a-9d5e-10cb63010956,tdl_tomorrowland_baymax_happy_ride,The Happy Ride with Baymax,ATTRACTION,2026-09-04T03:02:45.053Z,OPERATING,AVAILABLE,,
tokyo_disneyland,4ed6a812-df04-4aa8-acb9-c6b164dbb706,tdl_tomorrowland_monsters_inc_ride_and_go_seek,"Monsters, Inc. Ride & Go Seek!",ATTRACTION,2026-09-04T03:06:15.372Z,OPERATING,AVAILABLE,,
tokyo_disneyland,4ed6a812-df04-4aa8-acb9-c6b164dbb706,tdl_tomorrowland_monsters_inc_ride_and_go_seek,"Monsters, Inc. Ride & Go Seek!",ATTRACTION,2026-09-04T03:14:48.062Z,OPERATING,AVAILABLE,,
tokyo_disneyland,dfe25d8e-e234-4020-a261-30c6825d0680,tdl_critter_country_splash_mountain,Splash Mountain,ATTRACTION,2026-09-04T03:14:48.049Z,OPERATING,AVAILABLE,,
tokyo_disneyland,e3577b4a-f1d9-4ec5-aacf-b99977ea88c9,tdl_westernland_big_thunder_mountain,Big Thunder Mountain,ATTRACTION,2026-09-04T03:14:48.042Z,DOWN,AVAILABLE,,
tokyo_disneyland,e76670f0-9f5f-4918-8491-9bf51e73a596,tdl_new_fantasyland_enchanted_tale_of_beauty_and_the_beast,Enchanted Tale of Beauty and the Beast,ATTRACTION,2026-09-04T03:14:48.075Z,OPERATING,AVAILABLE,,
tokyo_disneyland,a88464b5-2cf5-4ef1-b38f-96e07b233bf2,tdl_fantasyland_poohs_hunny_hunt,Pooh's Hunny Hunt,ATTRACTION,2026-09-04T03:14:48.056Z,OPERATING,AVAILABLE,,
tokyo_disneyland,ca00a0e8-f069-4d0a-9d5e-10cb63010956,tdl_tomorrowland_baymax_happy_ride,The Happy Ride with Baymax,ATTRACTION,2026-09-04T03:14:48.069Z,OPERATING,AVAILABLE,,
tokyo_disneyland,ca00a0e8-f069-4d0a-9d5e-10cb63010956,tdl_tomorrowland_baymax_happy_ride,The Happy Ride with Baymax,ATTRACTION,2026-09-04T03:19:41.165Z,OPERATING,AVAILABLE,,
tokyo_disneyland,ca00a0e8-f069-4d0a-9d5e-10cb63010956,tdl_tomorrowland_baymax_happy_ride,The Happy Ride with Baymax,ATTRACTION,2026-09-04T03:20:52.838Z,OPERATING,AVAILABLE,,
tokyo_disneyland,4ed6a812-df04-4aa8-acb9-c6b164dbb706,tdl_tomorrowland_monsters_inc_ride_and_go_seek,"Monsters, Inc. Ride & Go Seek!",ATTRACTION,2026-09-04T03:27:33.878Z,OPERATING,AVAILABLE,,
tokyo_disneyland,dfe25d8e-e234-4020-a261-30c6825d0680,tdl_critter_country_splash_mountain,Splash Mountain,ATTRACTION,2026-09-04T03:27:33.857Z,OPERATING,AVAILABLE,,
tokyo_disneyland,e3577b4a-f1d9-4ec5-aacf-b99977ea88c9,tdl_westernland_big_thunder_mountain,Big Thunder Mountain,ATTRACTION,2026-09-04T03:27:33.849Z,DOWN,AVAILABLE,,
tokyo_disneyland,e76670f0-9f5f-4918-8491-9bf51e73a596,tdl_new_fantasyland_enchanted_tale_of_beauty_and_the_beast,Enchanted Tale of Beauty and the Beast,ATTRACTION,2026-09-04T03:27:33.889Z,OPERATING,AVAILABLE,,
tokyo_disneyland,a88464b5-2cf5-4ef1-b38f-96e07b233bf2,tdl_fantasyland_poohs_hunny_hunt,Pooh's Hunny Hunt,ATTRACTION,2026-09-04T03:27:33.872Z,OPERATING,AVAILABLE,,
tokyo_disneyland,ca00a0e8-f069-4d0a-9d5e-10cb63010956,tdl_tomorrowland_baymax_happy_ride,The Happy Ride with Baymax,ATTRACTION,2026-09-04T03:27:33.884Z,OPERATING,AVAILABLE,,
tokyo_disneyland,dfe25d8e-e234-4020-a261-30c6825d0680,tdl_critter_country_splash_mountain,Splash Mountain,ATTRACTION,2026-09-04T03:31:44.546Z,OPERATING,AVAILABLE,,
tokyo_disneyland,e76670f0-9f5f-4918-8491-9bf51e73a596,tdl_new_fantasyland_enchanted_tale_of_beauty_and_the_beast,Enchanted Tale of Beauty and the Beast,ATTRACTION,2026-09-04T03:34:45.779Z,OPERATING,AVAILABLE,,
tokyo_disneyland,ca00a0e8-f069-4d0a-9d5e-10cb63010956,tdl_tomorrowland_baymax_happy_ride,The Happy Ride with Baymax,ATTRACTION,2026-09-04T03:31:44.560Z,OPERATING,AVAILABLE,,
tokyo_disneyland,4ed6a812-df04-4aa8-acb9-c6b164dbb706,tdl_tomorrowland_monsters_inc_ride_and_go_seek,"Monsters, Inc. Ride & Go Seek!",ATTRACTION,2026-09-04T03:37:48.369Z,OPERATING,AVAILABLE,,
tokyo_disneyland,e3577b4a-f1d9-4ec5-aacf-b99977ea88c9,tdl_westernland_big_thunder_mountain,Big Thunder Mountain,ATTRACTION,2026-09-04T03:37:48.346Z,DOWN,AVAILABLE,,
tokyo_disneyland,e76670f0-9f5f-4918-8491-9bf51e73a596,tdl_new_fantasyland_enchanted_tale_of_beauty_and_the_beast,Enchanted Tale of Beauty and the Beast,ATTRACTION,2026-09-04T03:37:48.378Z,OPERATING,AVAILABLE,,
tokyo_disneyland,a88464b5-2cf5-4ef1-b38f-96e07b233bf2,tdl_fantasyland_poohs_hunny_hunt,Pooh's Hunny Hunt,ATTRACTION,2026-09-04T03:37:48.360Z,OPERATING,AVAILABLE,,
tokyo_disneyland,4ed6a812-df04-4aa8-acb9-c6b164dbb706,tdl_tomorrowland_monsters_inc_ride_and_go_seek,"Monsters, Inc. Ride & Go Seek!",ATTRACTION,2026-09-04T03:40:10.695Z,OPERATING,AVAILABLE,,
tokyo_disneyland,dfe25d8e-e234-4020-a261-30c6825d0680,tdl_critter_country_splash_mountain,Splash Mountain,ATTRACTION,2026-09-04T03:40:10.681Z,OPERATING,AVAILABLE,,
tokyo_disneyland,e3577b4a-f1d9-4ec5-aacf-b99977ea88c9,tdl_westernland_big_thunder_mountain,Big Thunder Mountain,ATTRACTION,2026-09-04T03:40:10.674Z,DOWN,AVAILABLE,,
tokyo_disneyland,e76670f0-9f5f-4918-8491-9bf51e73a596,tdl_new_fantasyland_enchanted_tale_of_beauty_and_the_beast,Enchanted Tale of Beauty and the Beast,ATTRACTION,2026-09-04T03:43:48.569Z,OPERATING,AVAILABLE,,
tokyo_disneyland,a88464b5-2cf5-4ef1-b38f-96e07b233bf2,tdl_fantasyland_poohs_hunny_hunt,Pooh's Hunny Hunt,ATTRACTION,2026-09-04T03:40:10.688Z,OPERATING,AVAILABLE,,
tokyo_disneyland,ca00a0e8-f069-4d0a-9d5e-10cb63010956,tdl_tomorrowland_baymax_happy_ride,The Happy Ride with Baymax,ATTRACTION,2026-09-04T03:40:10.703Z,OPERATING,AVAILABLE,,
tokyo_disneyland,4ed6a812-df04-4aa8-acb9-c6b164dbb706,tdl_tomorrowland_monsters_inc_ride_and_go_seek,"Monsters, Inc. Ride & Go Seek!",ATTRACTION,2026-09-04T03:46:54.879Z,OPERATING,AVAILABLE,,
tokyo_disneyland,e76670f0-9f5f-4918-8491-9bf51e73a596,tdl_new_fantasyland_enchanted_tale_of_beauty_and_the_beast,Enchanted Tale of Beauty and the Beast,ATTRACTION,2026-09-04T03:48:44.076Z,OPERATING,AVAILABLE,,
tokyo_disneyland,ca00a0e8-f069-4d0a-9d5e-10cb63010956,tdl_tomorrowland_baymax_happy_ride,The Happy Ride with Baymax,ATTRACTION,2026-09-04T03:48:44.068Z,OPERATING,AVAILABLE,,
tokyo_disneyland,4ed6a812-df04-4aa8-acb9-c6b164dbb706,tdl_tomorrowland_monsters_inc_ride_and_go_seek,"Monsters, Inc. Ride & Go Seek!",ATTRACTION,2026-09-04T03:51:36.132Z,OPERATING,AVAILABLE,,
tokyo_disneyland,dfe25d8e-e234-4020-a261-30c6825d0680,tdl_critter_country_splash_mountain,Splash Mountain,ATTRACTION,2026-09-04T03:51:36.116Z,OPERATING,AVAILABLE,,
tokyo_disneyland,e3577b4a-f1d9-4ec5-aacf-b99977ea88c9,tdl_westernland_big_thunder_mountain,Big Thunder Mountain,ATTRACTION,2026-09-04T03:51:36.109Z,DOWN,AVAILABLE,,
tokyo_disneyland,e76670f0-9f5f-4918-8491-9bf51e73a596,tdl_new_fantasyland_enchanted_tale_of_beauty_and_the_beast,Enchanted Tale of Beauty and the Beast,ATTRACTION,2026-09-04T03:51:36.147Z,OPERATING,AVAILABLE,,
tokyo_disneyland,a88464b5-2cf5-4ef1-b38f-96e07b233bf2,tdl_fantasyland_poohs_hunny_hunt,Pooh's Hunny Hunt,ATTRACTION,2026-09-04T03:51:36.124Z,OPERATING,AVAILABLE,,
tokyo_disneyland,ca00a0e8-f069-4d0a-9d5e-10cb63010956,tdl_tomorrowland_baymax_happy_ride,The Happy Ride with Baymax,ATTRACTION,2026-09-04T03:51:36.140Z,OPERATING,AVAILABLE,,
tokyo_disneyland,dfe25d8e-e234-4020-a261-30c6825d0680,tdl_critter_country_splash_mountain,Splash Mountain,ATTRACTION,2026-09-04T03:58:53.274Z,OPERATING,AVAILABLE,,
tokyo_disneyland,e3577b4a-f1d9-4ec5-aacf-b99977ea88c9,tdl_westernland_big_thunder_mountain,Big Thunder Mountain,ATTRACTION,2026-09-04T03:58:53.266Z,OPERATING,AVAILABLE,,
tokyo_disneyland,e76670f0-9f5f-4918-8491-9bf51e73a596,tdl_new_fantasyland_enchanted_tale_of_beauty_and_the_beast,Enchanted Tale of Beauty and the Beast,ATTRACTION,2026-09-04T03:57:23.274Z,OPERATING,AVAILABLE,,
tokyo_disneyland,4ed6a812-df04-4aa8-acb9-c6b164dbb706,tdl_tomorrowland_monsters_inc_ride_and_go_seek,"Monsters, Inc. Ride & Go Seek!",ATTRACTION,2026-09-04T04:03:25.336Z,OPERATING,AVAILABLE,,
tokyo_disneyland,dfe25d8e-e234-4020-a261-30c6825d0680,tdl_critter_country_splash_mountain,Splash Mountain,ATTRACTION,2026-09-04T04:03:25.315Z,OPERATING,AVAILABLE,,
tokyo_disneyland,e3577b4a-f1d9-4ec5-aacf-b99977ea88c9,tdl_westernland_big_thunder_mountain,Big Thunder Mountain,ATTRACTION,2026-09-04T04:03:25.306Z,OPERATING,AVAILABLE,,
tokyo_disneyland,e76670f0-9f5f-4918-8491-9bf51e73a596,tdl_new_fantasyland_enchanted_tale_of_beauty_and_the_beast,Enchanted Tale of Beauty and the Beast,ATTRACTION,2026-09-04T04:03:25.348Z,OPERATING,AVAILABLE,,
tokyo_disneyland,a88464b5-2cf5-4ef1-b38f-96e07b233bf2,tdl_fantasyland_poohs_hunny_hunt,Pooh's Hunny Hunt,ATTRACTION,2026-09-04T04:03:25.329Z,OPERATING,AVAILABLE,,
tokyo_disneyland,ca00a0e8-f069-4d0a-9d5e-10cb63010956,tdl_tomorrowland_baymax_happy_ride,The Happy Ride with Baymax,ATTRACTION,2026-09-04T04:03:25.342Z,OPERATING,AVAILABLE,,
tokyo_disneyland,dfe25d8e-e234-4020-a261-30c6825d0680,tdl_critter_country_splash_mountain,Splash Mountain,ATTRACTION,2026-09-04T04:04:55.690Z,OPERATING,AVAILABLE,,
tokyo_disneyland,e3577b4a-f1d9-4ec5-aacf-b99977ea88c9,tdl_westernland_big_thunder_mountain,Big Thunder Mountain,ATTRACTION,2026-09-04T04:07:55.951Z,OPERATING,AVAILABLE,,
tokyo_disneyland,ca00a0e8-f069-4d0a-9d5e-10cb63010956,tdl_tomorrowland_baymax_happy_ride,The Happy Ride with Baymax,ATTRACTION,2026-09-04T04:07:55.960Z,OPERATING,AVAILABLE,,
tokyo_disneyland,4ed6a812-df04-4aa8-acb9-c6b164dbb706,tdl_tomorrowland_monsters_inc_ride_and_go_seek,"Monsters, Inc. Ride & Go Seek!",ATTRACTION,2026-09-04T04:13:58.147Z,OPERATING,AVAILABLE,,
tokyo_disneyland,dfe25d8e-e234-4020-a261-30c6825d0680,tdl_critter_country_splash_mountain,Splash Mountain,ATTRACTION,2026-09-04T04:13:58.133Z,OPERATING,AVAILABLE,,
tokyo_disneyland,e3577b4a-f1d9-4ec5-aacf-b99977ea88c9,tdl_westernland_big_thunder_mountain,Big Thunder Mountain,ATTRACTION,2026-09-04T04:13:58.126Z,OPERATING,AVAILABLE,,
tokyo_disneyland,e76670f0-9f5f-4918-8491-9bf51e73a596,tdl_new_fantasyland_enchanted_tale_of_beauty_and_the_beast,Enchanted Tale of Beauty and the Beast,ATTRACTION,2026-09-04T04:13:58.161Z,OPERATING,AVAILABLE,,
tokyo_disneyland,a88464b5-2cf5-4ef1-b38f-96e07b233bf2,tdl_fantasyland_poohs_hunny_hunt,Pooh's Hunny Hunt,ATTRACTION,2026-09-04T04:13:58.139Z,OPERATING,AVAILABLE,,
tokyo_disneyland,ca00a0e8-f069-4d0a-9d5e-10cb63010956,tdl_tomorrowland_baymax_happy_ride,The Happy Ride with Baymax,ATTRACTION,2026-09-04T04:13:58.154Z,OPERATING,AVAILABLE,,
tokyo_disneyland,dfe25d8e-e234-4020-a261-30c6825d0680,tdl_critter_country_splash_mountain,Splash Mountain,ATTRACTION,2026-09-04T04:15:33.464Z,OPERATING,AVAILABLE,,
tokyo_disneyland,e3577b4a-f1d9-4ec5-aacf-b99977ea88c9,tdl_westernland_big_thunder_mountain,Big Thunder Mountain,ATTRACTION,2026-09-04T04:15:33.455Z,OPERATING,AVAILABLE,,
tokyo_disneyland,4ed6a812-df04-4aa8-acb9-c6b164dbb706,tdl_tomorrowland_monsters_inc_ride_and_go_seek,"Monsters, Inc. Ride & Go Seek!",ATTRACTION,2026-09-04T04:25:59.808Z,OPERATING,AVAILABLE,,
tokyo_disneyland,dfe25d8e-e234-4020-a261-30c6825d0680,tdl_critter_country_splash_mountain,Splash Mountain,ATTRACTION,2026-09-04T04:25:59.795Z,OPERATING,AVAILABLE,,
tokyo_disneyland,e3577b4a-f1d9-4ec5-aacf-b99977ea88c9,tdl_westernland_big_thunder_mountain,Big Thunder Mountain,ATTRACTION,2026-09-04T04:25:59.788Z,OPERATING,AVAILABLE,,
tokyo_disneyland,e76670f0-9f5f-4918-8491-9bf51e73a596,tdl_new_fantasyland_enchanted_tale_of_beauty_and_the_beast,Enchanted Tale of Beauty and the Beast,ATTRACTION,2026-09-04T04:28:57.206Z,OPERATING,AVAILABLE,,
tokyo_disneyland,a88464b5-2cf5-4ef1-b38f-96e07b233bf2,tdl_fantasyland_poohs_hunny_hunt,Pooh's Hunny Hunt,ATTRACTION,2026-09-04T04:25:59.802Z,OPERATING,AVAILABLE,,
tokyo_disneyland,ca00a0e8-f069-4d0a-9d5e-10cb63010956,tdl_tomorrowland_baymax_happy_ride,The Happy Ride with Baymax,ATTRACTION,2026-09-04T04:25:59.815Z,OPERATING,AVAILABLE,,
tokyo_disneyland,4ed6a812-df04-4aa8-acb9-c6b164dbb706,tdl_tomorrowland_monsters_inc_ride_and_go_seek,"Monsters, Inc. Ride & Go Seek!",ATTRACTION,2026-09-04T04:31:57.331Z,OPERATING,AVAILABLE,,
tokyo_disneyland,dfe25d8e-e234-4020-a261-30c6825d0680,tdl_critter_country_splash_mountain,Splash Mountain,ATTRACTION,2026-09-04T04:31:57.315Z,OPERATING,AVAILABLE,,
tokyo_disneyland,e76670f0-9f5f-4918-8491-9bf51e73a596,tdl_new_fantasyland_enchanted_tale_of_beauty_and_the_beast,Enchanted Tale of Beauty and the Beast,ATTRACTION,2026-09-04T04:31:14.670Z,OPERATING,AVAILABLE,,
tokyo_disneyland,a88464b5-2cf5-4ef1-b38f-96e07b233bf2,tdl_fantasyland_poohs_hunny_hunt,Pooh's Hunny Hunt,ATTRACTION,2026-09-04T04:31:57.323Z,OPERATING,AVAILABLE,,
tokyo_disneyland,4ed6a812-df04-4aa8-acb9-c6b164dbb706,tdl_tomorrowland_monsters_inc_ride_and_go_seek,"Monsters, Inc. Ride & Go Seek!",ATTRACTION,2026-09-04T04:37:57.826Z,OPERATING,AVAILABLE,,
tokyo_disneyland,dfe25d8e-e234-4020-a261-30c6825d0680,tdl_critter_country_splash_mountain,Splash Mountain,ATTRACTION,2026-09-04T04:37:57.813Z,OPERATING,AVAILABLE,,
tokyo_disneyland,e3577b4a-f1d9-4ec5-aacf-b99977ea88c9,tdl_westernland_big_thunder_mountain,Big Thunder Mountain,ATTRACTION,2026-09-04T04:37:57.806Z,OPERATING,AVAILABLE,,
tokyo_disneyland,e76670f0-9f5f-4918-8491-9bf51e73a596,tdl_new_fantasyland_enchanted_tale_of_beauty_and_the_beast,Enchanted Tale of Beauty and the Beast,ATTRACTION,2026-09-04T04:37:57.840Z,OPERATING,AVAILABLE,,
tokyo_disneyland,a88464b5-2cf5-4ef1-b38f-96e07b233bf2,tdl_fantasyland_poohs_hunny_hunt,Pooh's Hunny Hunt,ATTRACTION,2026-09-04T04:37:57.820Z,OPERATING,AVAILABLE,,
tokyo_disneyland,ca00a0e8-f069-4d0a-9d5e-10cb63010956,tdl_tomorrowland_baymax_happy_ride,The Happy Ride with Baymax,ATTRACTION,2026-09-04T04:37:57.833Z,OPERATING,AVAILABLE,,
tokyo_disneyland,4ed6a812-df04-4aa8-acb9-c6b164dbb706,tdl_tomorrowland_monsters_inc_ride_and_go_seek,"Monsters, Inc. Ride & Go Seek!",ATTRACTION,2026-09-04T04:45:02.601Z,OPERATING,AVAILABLE,,
tokyo_disneyland,e76670f0-9f5f-4918-8491-9bf51e73a596,tdl_new_fantasyland_enchanted_tale_of_beauty_and_the_beast,Enchanted Tale of Beauty and the Beast,ATTRACTION,2026-09-04T04:45:02.616Z,OPERATING,AVAILABLE,,
tokyo_disneyland,dfe25d8e-e234-4020-a261-30c6825d0680,tdl_critter_country_splash_mountain,Splash Mountain,ATTRACTION,2026-09-04T04:48:55.079Z,OPERATING,AVAILABLE,,
tokyo_disneyland,e3577b4a-f1d9-4ec5-aacf-b99977ea88c9,tdl_westernland_big_thunder_mountain,Big Thunder Mountain,ATTRACTION,2026-09-04T04:48:55.071Z,OPERATING,AVAILABLE,,
tokyo_disneyland,e76670f0-9f5f-4918-8491-9bf51e73a596,tdl_new_fantasyland_enchanted_tale_of_beauty_and_the_beast,Enchanted Tale of Beauty and the Beast,ATTRACTION,2026-09-04T04:48:55.113Z,OPERATING,AVAILABLE,,
tokyo_disneyland,a88464b5-2cf5-4ef1-b38f-96e07b233bf2,tdl_fantasyland_poohs_hunny_hunt,Pooh's Hunny Hunt,ATTRACTION,2026-09-04T04:48:55.100Z,OPERATING,AVAILABLE,,
tokyo_disneyland,ca00a0e8-f069-4d0a-9d5e-10cb63010956,tdl_tomorrowland_baymax_happy_ride,The Happy Ride with Baymax,ATTRACTION,2026-09-04T04:48:55.106Z,OPERATING,AVAILABLE,,
tokyo_disneyland,4ed6a812-df04-4aa8-acb9-c6b164dbb706,tdl_tomorrowland_monsters_inc_ride_and_go_seek,"Monsters, Inc. Ride & Go Seek!",ATTRACTION,2026-09-04T04:50:00.510Z,OPERATING,AVAILABLE,,
tokyo_disneyland,dfe25d8e-e234-4020-a261-30c6825d0680,tdl_critter_country_splash_mountain,Splash Mountain,ATTRACTION,2026-09-04T04:50:00.485Z,OPERATING,AVAILABLE,,
tokyo_disneyland,e3577b4a-f1d9-4ec5-aacf-b99977ea88c9,tdl_westernland_big_thunder_mountain,Big Thunder Mountain,ATTRACTION,2026-09-04T04:50:00.467Z,OPERATING,AVAILABLE,,
tokyo_disneyland,e76670f0-9f5f-4918-8491-9bf51e73a596,tdl_new_fantasyland_enchanted_tale_of_beauty_and_the_beast,Enchanted Tale of Beauty and the Beast,ATTRACTION,2026-09-04T04:52:28.100Z,OPERATING,AVAILABLE,,
tokyo_disneyland,a88464b5-2cf5-4ef1-b38f-96e07b233bf2,tdl_fantasyland_poohs_hunny_hunt,Pooh's Hunny Hunt,ATTRACTION,2026-09-04T04:50:00.502Z,OPERATING,AVAILABLE,,
tokyo_disneyland,ca00a0e8-f069-4d0a-9d5e-10cb63010956,tdl_tomorrowland_baymax_happy_ride,The Happy Ride with Baymax,ATTRACTION,2026-09-04T04:50:00.523Z,OPERATING,AVAILABLE,,
tokyo_disneyland,4ed6a812-df04-4aa8-acb9-c6b164dbb706,tdl_tomorrowland_monsters_inc_ride_and_go_seek,"Monsters, Inc. Ride & Go Seek!",ATTRACTION,2026-09-04T04:59:06.498Z,OPERATING,AVAILABLE,,
tokyo_disneyland,dfe25d8e-e234-4020-a261-30c6825d0680,tdl_critter_country_splash_mountain,Splash Mountain,ATTRACTION,2026-09-04T04:59:06.485Z,OPERATING,AVAILABLE,,
tokyo_disneyland,e3577b4a-f1d9-4ec5-aacf-b99977ea88c9,tdl_westernland_big_thunder_mountain,Big Thunder Mountain,ATTRACTION,2026-09-04T04:59:06.478Z,OPERATING,AVAILABLE,,
tokyo_disneyland,e76670f0-9f5f-4918-8491-9bf51e73a596,tdl_new_fantasyland_enchanted_tale_of_beauty_and_the_beast,Enchanted Tale of Beauty and the Beast,ATTRACTION,2026-09-04T04:59:06.511Z,OPERATING,AVAILABLE,,
tokyo_disneyland,a88464b5-2cf5-4ef1-b38f-96e07b233bf2,tdl_fantasyland_poohs_hunny_hunt,Pooh's Hunny Hunt,ATTRACTION,2026-09-04T04:59:06.491Z,OPERATING,AVAILABLE,,
tokyo_disneyland,ca00a0e8-f069-4d0a-9d5e-10cb63010956,tdl_tomorrowland_baymax_happy_ride,The Happy Ride with Baymax,ATTRACTION,2026-09-04T04:59:06.504Z,OPERATING,AVAILABLE,,
tokyo_disneyland,4ed6a812-df04-4aa8-acb9-c6b164dbb706,tdl_tomorrowland_monsters_inc_ride_and_go_seek,"Monsters, Inc. Ride & Go Seek!",ATTRACTION,2026-09-04T05:02:00.126Z,OPERATING,AVAILABLE,,
tokyo_disneyland,dfe25d8e-e234-4020-a261-30c6825d0680,tdl_critter_country_splash_mountain,Splash Mountain,ATTRACTION,2026-09-04T05:02:00.091Z,OPERATING,AVAILABLE,,
tokyo_disneyland,e3577b4a-f1d9-4ec5-aacf-b99977ea88c9,tdl_westernland_big_thunder_mountain,Big Thunder Mountain,ATTRACTION,2026-09-04T05:02:00.074Z,OPERATING,AVAILABLE,,
tokyo_disneyland,e76670f0-9f5f-4918-8491-9bf51e73a596,tdl_new_fantasyland_enchanted_tale_of_beauty_and_the_beast,Enchanted Tale of Beauty and the Beast,ATTRACTION,2026-09-04T05:02:00.160Z,OPERATING,AVAILABLE,,
tokyo_disneyland,a88464b5-2cf5-4ef1-b38f-96e07b233bf2,tdl_fantasyland_poohs_hunny_hunt,Pooh's Hunny Hunt,ATTRACTION,2026-09-04T05:02:00.112Z,OPERATING,AVAILABLE,,
tokyo_disneyland,ca00a0e8-f069-4d0a-9d5e-10cb63010956,tdl_tomorrowland_baymax_happy_ride,The Happy Ride with Baymax,ATTRACTION,2026-09-04T05:02:00.145Z,OPERATING,AVAILABLE,,
tokyo_disneyland,4ed6a812-df04-4aa8-acb9-c6b164dbb706,tdl_tomorrowland_monsters_inc_ride_and_go_seek,"Monsters, Inc. Ride & Go Seek!",ATTRACTION,2026-09-04T05:14:01.134Z,OPERATING,AVAILABLE,,
tokyo_disneyland,dfe25d8e-e234-4020-a261-30c6825d0680,tdl_critter_country_splash_mountain,Splash Mountain,ATTRACTION,2026-09-04T05:14:01.114Z,OPERATING,AVAILABLE,,
tokyo_disneyland,e3577b4a-f1d9-4ec5-aacf-b99977ea88c9,tdl_westernland_big_thunder_mountain,Big Thunder Mountain,ATTRACTION,2026-09-04T05:14:01.107Z,OPERATING,AVAILABLE,,
tokyo_disneyland,e76670f0-9f5f-4918-8491-9bf51e73a596,tdl_new_fantasyland_enchanted_tale_of_beauty_and_the_beast,Enchanted Tale of Beauty and the Beast,ATTRACTION,2026-09-04T05:14:01.149Z,OPERATING,AVAILABLE,,
tokyo_disneyland,a88464b5-2cf5-4ef1-b38f-96e07b233bf2,tdl_fantasyland_poohs_hunny_hunt,Pooh's Hunny Hunt,ATTRACTION,2026-09-04T05:14:01.124Z,OPERATING,AVAILABLE,,
tokyo_disneyland,ca00a0e8-f069-4d0a-9d5e-10cb63010956,tdl_tomorrowland_baymax_happy_ride,The Happy Ride with Baymax,ATTRACTION,2026-09-04T05:14:01.141Z,OPERATING,AVAILABLE,,
tokyo_disneyland,e3577b4a-f1d9-4ec5-aacf-b99977ea88c9,tdl_westernland_big_thunder_mountain,Big Thunder Mountain,ATTRACTION,2026-09-04T05:17:36.400Z,OPERATING,AVAILABLE,,
tokyo_disneyland,4ed6a812-df04-4aa8-acb9-c6b164dbb706,tdl_tomorrowland_monsters_inc_ride_and_go_seek,"Monsters, Inc. Ride & Go Seek!",ATTRACTION,2026-09-04T05:24:00.469Z,OPERATING,AVAILABLE,,
tokyo_disneyland,dfe25d8e-e234-4020-a261-30c6825d0680,tdl_critter_country_splash_mountain,Splash Mountain,ATTRACTION,2026-09-04T05:24:00.449Z,OPERATING,AVAILABLE,,
tokyo_disneyland,e76670f0-9f5f-4918-8491-9bf51e73a596,tdl_new_fantasyland_enchanted_tale_of_beauty_and_the_beast,Enchanted Tale of Beauty and the Beast,ATTRACTION,2026-09-04T05:24:00.485Z,OPERATING,AVAILABLE,,
tokyo_disneyland,a88464b5-2cf5-4ef1-b38f-96e07b233bf2,tdl_fantasyland_poohs_hunny_hunt,Pooh's Hunny Hunt,ATTRACTION,2026-09-04T05:24:00.461Z,OPERATING,AVAILABLE,,
tokyo_disneyland,ca00a0e8-f069-4d0a-9d5e-10cb63010956,tdl_tomorrowland_baymax_happy_ride,The Happy Ride with Baymax,ATTRACTION,2026-09-04T05:24:00.478Z,OPERATING,AVAILABLE,,
tokyo_disneyland,4ed6a812-df04-4aa8-acb9-c6b164dbb706,tdl_tomorrowland_monsters_inc_ride_and_go_seek,"Monsters, Inc. Ride & Go Seek!",ATTRACTION,2026-09-04T05:29:25.763Z,OPERATING,AVAILABLE,,
tokyo_disneyland,dfe25d8e-e234-4020-a261-30c6825d0680,tdl_critter_country_splash_mountain,Splash Mountain,ATTRACTION,2026-09-04T05:26:36.736Z,OPERATING,AVAILABLE,,
tokyo_disneyland,e3577b4a-f1d9-4ec5-aacf-b99977ea88c9,tdl_westernland_big_thunder_mountain,Big Thunder Mountain,ATTRACTION,2026-09-04T05:26:36.721Z,OPERATING,AVAILABLE,,
tokyo_disneyland,e76670f0-9f5f-4918-8491-9bf51e73a596,tdl_new_fantasyland_enchanted_tale_of_beauty_and_the_beast,Enchanted Tale of Beauty and the Beast,ATTRACTION,2026-09-04T05:26:36.762Z,OPERATING,AVAILABLE,,
tokyo_disneyland,a88464b5-2cf5-4ef1-b38f-96e07b233bf2,tdl_fantasyland_poohs_hunny_hunt,Pooh's Hunny Hunt,ATTRACTION,2026-09-04T05:26:36.743Z,OPERATING,AVAILABLE,,
tokyo_disneyland,ca00a0e8-f069-4d0a-9d5e-10cb63010956,tdl_tomorrowland_baymax_happy_ride,The Happy Ride with Baymax,ATTRACTION,2026-09-04T05:26:36.757Z,OPERATING,AVAILABLE,,
tokyo_disneyland,4ed6a812-df04-4aa8-acb9-c6b164dbb706,tdl_tomorrowland_monsters_inc_ride_and_go_seek,"Monsters, Inc. Ride & Go Seek!",ATTRACTION,2026-09-04T05:30:01.632Z,OPERATING,AVAILABLE,,
tokyo_disneyland,a88464b5-2cf5-4ef1-b38f-96e07b233bf2,tdl_fantasyland_poohs_hunny_hunt,Pooh's Hunny Hunt,ATTRACTION,2026-09-04T05:32:32.285Z,OPERATING,AVAILABLE,,
tokyo_disneyland,4ed6a812-df04-4aa8-acb9-c6b164dbb706,tdl_tomorrowland_monsters_inc_ride_and_go_seek,"Monsters, Inc. Ride & Go Seek!",ATTRACTION,2026-09-04T05:38:26.408Z,OPERATING,AVAILABLE,,
tokyo_disneyland,dfe25d8e-e234-4020-a261-30c6825d0680,tdl_critter_country_splash_mountain,Splash Mountain,ATTRACTION,2026-09-04T05:38:26.395Z,OPERATING,AVAILABLE,,
tokyo_disneyland,e3577b4a-f1d9-4ec5-aacf-b99977ea88c9,tdl_westernland_big_thunder_mountain,Big Thunder Mountain,ATTRACTION,2026-09-04T05:38:26.387Z,OPERATING,AVAILABLE,,
tokyo_disneyland,e76670f0-9f5f-4918-8491-9bf51e73a596,tdl_new_fantasyland_enchanted_tale_of_beauty_and_the_beast,Enchanted Tale of Beauty and the Beast,ATTRACTION,2026-09-04T05:38:26.424Z,OPERATING,AVAILABLE,,
tokyo_disneyland,a88464b5-2cf5-4ef1-b38f-96e07b233bf2,tdl_fantasyland_poohs_hunny_hunt,Pooh's Hunny Hunt,ATTRACTION,2026-09-04T05:38:34.806Z,OPERATING,AVAILABLE,,
tokyo_disneyland,ca00a0e8-f069-4d0a-9d5e-10cb63010956,tdl_tomorrowland_baymax_happy_ride,The Happy Ride with Baymax,ATTRACTION,2026-09-04T05:38:26.414Z,OPERATING,AVAILABLE,,
tokyo_disneyland,ca00a0e8-f069-4d0a-9d5e-10cb63010956,tdl_tomorrowland_baymax_happy_ride,The Happy Ride with Baymax,ATTRACTION,2026-09-04T05:42:55.409Z,OPERATING,AVAILABLE,,
tokyo_disneyland,4ed6a812-df04-4aa8-acb9-c6b164dbb706,tdl_tomorrowland_monsters_inc_ride_and_go_seek,"Monsters, Inc. Ride & Go Seek!",ATTRACTION,2026-09-04T05:48:31.990Z,OPERATING,AVAILABLE,,
tokyo_disneyland,dfe25d8e-e234-4020-a261-30c6825d0680,tdl_critter_country_splash_mountain,Splash Mountain,ATTRACTION,2026-09-04T05:48:31.984Z,OPERATING,AVAILABLE,,
tokyo_disneyland,e3577b4a-f1d9-4ec5-aacf-b99977ea88c9,tdl_westernland_big_thunder_mountain,Big Thunder Mountain,ATTRACTION,2026-09-04T05:48:31.975Z,OPERATING,AVAILABLE,,
tokyo_disneyland,e76670f0-9f5f-4918-8491-9bf51e73a596,tdl_new_fantasyland_enchanted_tale_of_beauty_and_the_beast,Enchanted Tale of Beauty and the Beast,ATTRACTION,2026-09-04T05:48:31.999Z,OPERATING,AVAILABLE,,
tokyo_disneyland,4ed6a812-df04-4aa8-acb9-c6b164dbb706,tdl_tomorrowland_monsters_inc_ride_and_go_seek,"Monsters, Inc. Ride & Go Seek!",ATTRACTION,2026-09-04T05:53:10.495Z,OPERATING,AVAILABLE,,
tokyo_disneyland,dfe25d8e-e234-4020-a261-30c6825d0680,tdl_critter_country_splash_mountain,Splash Mountain,ATTRACTION,2026-09-04T05:53:10.464Z,OPERATING,AVAILABLE,,
tokyo_disneyland,e3577b4a-f1d9-4ec5-aacf-b99977ea88c9,tdl_westernland_big_thunder_mountain,Big Thunder Mountain,ATTRACTION,2026-09-04T05:53:10.455Z,OPERATING,AVAILABLE,,
tokyo_disneyland,e76670f0-9f5f-4918-8491-9bf51e73a596,tdl_new_fantasyland_enchanted_tale_of_beauty_and_the_beast,Enchanted Tale of Beauty and the Beast,ATTRACTION,2026-09-04T05:53:10.509Z,OPERATING,AVAILABLE,,
tokyo_disneyland,a88464b5-2cf5-4ef1-b38f-96e07b233bf2,tdl_fantasyland_poohs_hunny_hunt,Pooh's Hunny Hunt,ATTRACTION,2026-09-04T05:53:10.488Z,OPERATING,AVAILABLE,,
tokyo_disneyland,ca00a0e8-f069-4d0a-9d5e-10cb63010956,tdl_tomorrowland_baymax_happy_ride,The Happy Ride with Baymax,ATTRACTION,2026-09-04T05:53:10.502Z,OPERATING,AVAILABLE,,
tokyo_disneyland,dfe25d8e-e234-4020-a261-30c6825d0680,tdl_critter_country_splash_mountain,Splash Mountain,ATTRACTION,2026-09-04T05:59:29.080Z,OPERATING,AVAILABLE,,
tokyo_disneyland,a88464b5-2cf5-4ef1-b38f-96e07b233bf2,tdl_fantasyland_poohs_hunny_hunt,Pooh's Hunny Hunt,ATTRACTION,2026-09-04T05:59:29.093Z,OPERATING,AVAILABLE,,
tokyo_disneyland,4ed6a812-df04-4aa8-acb9-c6b164dbb706,tdl_tomorrowland_monsters_inc_ride_and_go_seek,"Monsters, Inc. Ride & Go Seek!",ATTRACTION,2026-09-04T06:01:59.877Z,OPERATING,AVAILABLE,,
tokyo_disneyland,dfe25d8e-e234-4020-a261-30c6825d0680,tdl_critter_country_splash_mountain,Splash Mountain,ATTRACTION,2026-09-04T06:01:59.856Z,OPERATING,AVAILABLE,,
tokyo_disneyland,e3577b4a-f1d9-4ec5-aacf-b99977ea88c9,tdl_westernland_big_thunder_mountain,Big Thunder Mountain,ATTRACTION,2026-09-04T06:04:47.948Z,OPERATING,AVAILABLE,,
tokyo_disneyland,e76670f0-9f5f-4918-8491-9bf51e73a596,tdl_new_fantasyland_enchanted_tale_of_beauty_and_the_beast,Enchanted Tale of Beauty and the Beast,ATTRACTION,2026-09-04T06:01:59.890Z,OPERATING,AVAILABLE,,
tokyo_disneyland,a88464b5-2cf5-4ef1-b38f-96e07b233bf2,tdl_fantasyland_poohs_hunny_hunt,Pooh's Hunny Hunt,ATTRACTION,2026-09-04T06:01:59.862Z,OPERATING,AVAILABLE,,
tokyo_disneyland,ca00a0e8-f069-4d0a-9d5e-10cb63010956,tdl_tomorrowland_baymax_happy_ride,The Happy Ride with Baymax,ATTRACTION,2026-09-04T06:01:59.883Z,OPERATING,AVAILABLE,,
tokyo_disneyland,4ed6a812-df04-4aa8-acb9-c6b164dbb706,tdl_tomorrowland_monsters_inc_ride_and_go_seek,"Monsters, Inc. Ride & Go Seek!",ATTRACTION,2026-09-04T06:05:29.649Z,OPERATING,AVAILABLE,,
tokyo_disneyland,dfe25d8e-e234-4020-a261-30c6825d0680,tdl_critter_country_splash_mountain,Splash Mountain,ATTRACTION,2026-09-04T06:05:29.637Z,OPERATING,AVAILABLE,,
tokyo_disneyland,e3577b4a-f1d9-4ec5-aacf-b99977ea88c9,tdl_westernland_big_thunder_mountain,Big Thunder Mountain,ATTRACTION,2026-09-04T06:05:29.628Z,OPERATING,AVAILABLE,,
tokyo_disneyland,e76670f0-9f5f-4918-8491-9bf51e73a596,tdl_new_fantasyland_enchanted_tale_of_beauty_and_the_beast,Enchanted Tale of Beauty and the Beast,ATTRACTION,2026-09-04T06:05:29.661Z,OPERATING,AVAILABLE,,
tokyo_disneyland,a88464b5-2cf5-4ef1-b38f-96e07b233bf2,tdl_fantasyland_poohs_hunny_hunt,Pooh's Hunny Hunt,ATTRACTION,2026-09-04T06:08:46.074Z,OPERATING,AVAILABLE,,
tokyo_disneyland,ca00a0e8-f069-4d0a-9d5e-10cb63010956,tdl_tomorrowland_baymax_happy_ride,The Happy Ride with Baymax,ATTRACTION,2026-09-04T06:05:29.655Z,OPERATING,AVAILABLE,,
tokyo_disneyland,e76670f0-9f5f-4918-8491-9bf51e73a596,tdl_new_fantasyland_enchanted_tale_of_beauty_and_the_beast,Enchanted Tale of Beauty and the Beast,ATTRACTION,2026-09-04T06:11:41.005Z,OPERATING,AVAILABLE,,
tokyo_disneyland,4ed6a812-df04-4aa8-acb9-c6b164dbb706,tdl_tomorrowland_monsters_inc_ride_and_go_seek,"Monsters, Inc. Ride & Go Seek!",ATTRACTION,2026-09-04T06:17:46.487Z,OPERATING,AVAILABLE,,
tokyo_disneyland,dfe25d8e-e234-4020-a261-30c6825d0680,tdl_critter_country_splash_mountain,Splash Mountain,ATTRACTION,2026-09-04T06:17:46.469Z,OPERATING,AVAILABLE,,
tokyo_disneyland,e3577b4a-f1d9-4ec5-aacf-b99977ea88c9,tdl_westernland_big_thunder_mountain,Big Thunder Mountain,ATTRACTION,2026-09-04T06:17:46.464Z,OPERATING,AVAILABLE,,
tokyo_disneyland,e76670f0-9f5f-4918-8491-9bf51e73a596,tdl_new_fantasyland_enchanted_tale_of_beauty_and_the_beast,Enchanted Tale of Beauty and the Beast,ATTRACTION,2026-09-04T06:17:46.498Z,OPERATING,AVAILABLE,,
tokyo_disneyland,a88464b5-2cf5-4ef1-b38f-96e07b233bf2,tdl_fantasyland_poohs_hunny_hunt,Pooh's Hunny Hunt,ATTRACTION,2026-09-04T06:17:46.475Z,OPERATING,AVAILABLE,,
tokyo_disneyland,ca00a0e8-f069-4d0a-9d5e-10cb63010956,tdl_tomorrowland_baymax_happy_ride,The Happy Ride with Baymax,ATTRACTION,2026-09-04T06:17:46.492Z,OPERATING,AVAILABLE,,
