parkId,facilityId,observedAt,waitMinutes,status,sourceEntityId
tokyo_disneyland,tdl_tomorrowland_monsters_inc_ride_and_go_seek,2026-08-20T00:02:43.434Z,10,OPERATING,4ed6a812-df04-4aa8-acb9-c6b164dbb706
tokyo_disneyland,tdl_toontown_gadgets_go_coaster,2026-08-20T00:02:43.402Z,5,OPERATING,52c5e406-67e2-4d37-aee8-987644d87b63
tokyo_disneyland,tdl_toontown_donalds_boat,2026-08-20T00:02:43.415Z,5,OPERATING,2d215a6d-77a2-4c44-a2e3-c293c1289876
tokyo_disneyland,tdl_westernland_big_thunder_mountain,2026-08-20T00:02:43.304Z,5,OPERATING,e3577b4a-f1d9-4ec5-aacf-b99977ea88c9
tokyo_disneyland,tdl_critter_country_splash_mountain,2026-08-20T00:03:15.095Z,10,OPERATING,dfe25d8e-e234-4020-a261-30c6825d0680
tokyo_disneyland,tdl_new_fantasyland_enchanted_tale_of_beauty_and_the_beast,2026-08-20T00:02:43.467Z,40,OPERATING,e76670f0-9f5f-4918-8491-9bf51e73a596
tokyo_disneyland,tdl_fantasyland_mickeys_philharmagic,2026-08-20T00:02:43.332Z,5,OPERATING,392ca2e8-afe0-4103-b296-c45bd373d036
tokyo_disneyland,tdl_fantasyland_peter_pans_flight,2026-08-20T00:02:43.319Z,5,OPERATING,e541ad8f-1457-469a-8f35-457555f475ad
tokyo_disneyland,tdl_adventureland_pirates_of_the_caribbean,2026-08-20T00:02:43.284Z,5,OPERATING,52eb0fc9-5853-49c8-8c72-1e5e83aae1c1
tokyo_disneyland,tdl_adventureland_jungle_cruise,2026-08-20T00:02:43.290Z,5,OPERATING,e0887415-3da2-458c-8b88-0691e6b8ab63
tokyo_disneyland,tdl_fantasyland_its_a_small_world,2026-08-20T00:02:43.347Z,5,OPERATING,0de1b543-46fd-4c3f-81c8-31d0cab9ef63
tokyo_disneyland,tdl_fantasyland_alices_tea_party,2026-08-20T00:02:43.357Z,5,OPERATING,cfaa7d1c-111e-49b9-b21b-134eac4000e8
tokyo_disneyland,tdl_toontown_roger_rabbits_car_toon_spin,2026-08-20T00:02:43.368Z,5,OPERATING,73384e33-a86a-4601-996f-61dbffba6ec2
tokyo_disneyland,tdl_toontown_minnies_house,2026-08-20T00:02:43.380Z,5,OPERATING,534ca90a-2626-4a45-9b7b-1964ed15678e
tokyo_disneyland,tdl_tomorrowland_baymax_happy_ride,2026-08-20T00:02:43.459Z,50,OPERATING,ca00a0e8-f069-4d0a-9d5e-10cb63010956
tokyo_disneyland,tdl_tomorrowland_star_tours,2026-08-20T00:02:43.424Z,5,OPERATING,512fd34c-2f0a-4e0a-bcc1-ef4d15c5f803
tokyo_disneyland,tdl_westernland_shooting_gallery,2026-08-20T00:02:43.297Z,5,OPERATING,4876ec54-92ed-4b0c-8b1b-292bba89c61c
tokyo_disneyland,tdl_fantasyland_snow_whites_adventures,2026-08-20T00:02:43.325Z,5,OPERATING,a853aadd-2337-435a-b0a3-2c03db96e5e1
tokyo_disneyland,tdl_fantasyland_pinocchios_daring_journey,2026-08-20T00:02:43.338Z,5,OPERATING,6922377e-0ff4-481f-9da3-35051938732a
tokyo_disneyland,tdl_toontown_chip_and_dales_treehouse,2026-08-20T00:02:43.392Z,5,OPERATING,a0a63e1c-3fc6-4433-b9b1-f5e798ab1f00
tokyo_disneyland,tdl_tomorrowland_monsters_inc_ride_and_go_seek,2026-08-20T00:09:29.447Z,30,OPERATING,4ed6a812-df04-4aa8-acb9-c6b164dbb706
tokyo_disneyland,tdl_westernland_big_thunder_mountain,2026-08-20T00:09:29.436Z,10,OPERATING,e3577b4a-f1d9-4ec5-aacf-b99977ea88c9
tokyo_disneyland,tdl_critter_country_splash_mountain,2026-08-20T00:09:29.442Z,20,OPERATING,dfe25d8e-e234-4020-a261-30c6825d0680
tokyo_disneyland,tdl_new_fantasyland_enchanted_tale_of_beauty_and_the_beast,2026-08-20T00:09:29.459Z,50,OPERATING,e76670f0-9f5f-4918-8491-9bf51e73a596
tokyo_disneyland,tdl_tomorrowland_baymax_happy_ride,2026-08-20T00:09:29.452Z,70,OPERATING,ca00a0e8-f069-4d0a-9d5e-10cb63010956
tokyo_disneyland,tdl_critter_country_splash_mountain,2026-08-20T00:12:20.253Z,50,OPERATING,dfe25d8e-e234-4020-a261-30c6825d0680
tokyo_disneyland,tdl_new_fantasyland_enchanted_tale_of_beauty_and_the_beast,2026-08-20T00:12:20.266Z,60,OPERATING,e76670f0-9f5f-4918-8491-9bf51e73a596
tokyo_disneyland,tdl_tomorrowland_baymax_happy_ride,2026-08-20T00:12:20.260Z,80,OPERATING,ca00a0e8-f069-4d0a-9d5e-10cb63010956
tokyo_disneyland,tdl_tomorrowland_monsters_inc_ride_and_go_seek,2026-08-20T00:18:07.841Z,60,OPERATING,4ed6a812-df04-4aa8-acb9-c6b164dbb706
tokyo_disneyland,tdl_westernland_big_thunder_mountain,2026-08-20T00:15:36.073Z,15,OPERATING,e3577b4a-f1d9-4ec5-aacf-b99977ea88c9
tokyo_disneyland,tdl_critter_country_splash_mountain,2026-08-20T00:15:36.081Z,80,OPERATING,dfe25d8e-e234-4020-a261-30c6825d0680
tokyo_disneyland,tdl_fantasyland_peter_pans_flight,2026-08-20T00:18:07.833Z,10,OPERATING,e541ad8f-1457-469a-8f35-457555f475ad
tokyo_disneyland,tdl_tomorrowland_baymax_happy_ride,2026-08-20T00:18:07.847Z,140,OPERATING,ca00a0e8-f069-4d0a-9d5e-10cb63010956
tokyo_disneyland,tdl_tomorrowland_monsters_inc_ride_and_go_seek,2026-08-20T00:23:04.636Z,80,OPERATING,4ed6a812-df04-4aa8-acb9-c6b164dbb706
tokyo_disneyland,tdl_westernland_big_thunder_mountain,2026-08-20T00:21:30.649Z,30,OPERATING,e3577b4a-f1d9-4ec5-aacf-b99977ea88c9
tokyo_disneyland,tdl_critter_country_splash_mountain,2026-08-20T00:23:04.616Z,90,OPERATING,dfe25d8e-e234-4020-a261-30c6825d0680
tokyo_disneyland,tdl_fantasyland_peter_pans_flight,2026-08-20T00:23:04.629Z,20,OPERATING,e541ad8f-1457-469a-8f35-457555f475ad
tokyo_disneyland,tdl_adventureland_pirates_of_the_caribbean,2026-08-20T00:21:30.639Z,10,OPERATING,52eb0fc9-5853-49c8-8c72-1e5e83aae1c1
tokyo_disneyland,tdl_westernland_big_thunder_mountain,2026-08-20T00:27:32.714Z,50,OPERATING,e3577b4a-f1d9-4ec5-aacf-b99977ea88c9
tokyo_disneyland,tdl_toontown_gadgets_go_coaster,2026-08-20T00:27:32.738Z,15,OPERATING,52c5e406-67e2-4d37-aee8-987644d87b63
tokyo_disneyland,tdl_fantasyland_peter_pans_flight,2026-08-20T00:27:32.724Z,30,OPERATING,e541ad8f-1457-469a-8f35-457555f475ad
tokyo_disneyland,tdl_adventureland_pirates_of_the_caribbean,2026-08-20T00:25:06.731Z,15,OPERATING,52eb0fc9-5853-49c8-8c72-1e5e83aae1c1
tokyo_disneyland,tdl_tomorrowland_baymax_happy_ride,2026-08-20T00:25:06.747Z,120,OPERATING,ca00a0e8-f069-4d0a-9d5e-10cb63010956
tokyo_disneyland,tdl_tomorrowland_star_tours,2026-08-20T00:27:32.746Z,10,OPERATING,512fd34c-2f0a-4e0a-bcc1-ef4d15c5f803
tokyo_disneyland,tdl_fantasyland_snow_whites_adventures,2026-08-20T00:27:32.730Z,10,OPERATING,a853aadd-2337-435a-b0a3-2c03db96e5e1
tokyo_disneyland,tdl_tomorrowland_monsters_inc_ride_and_go_seek,2026-08-20T00:33:38.346Z,90,OPERATING,4ed6a812-df04-4aa8-acb9-c6b164dbb706
tokyo_disneyland,tdl_westernland_big_thunder_mountain,2026-08-20T00:30:32.049Z,60,OPERATING,e3577b4a-f1d9-4ec5-aacf-b99977ea88c9
tokyo_disneyland,tdl_toontown_gadgets_go_coaster,2026-08-20T00:33:38.340Z,20,OPERATING,52c5e406-67e2-4d37-aee8-987644d87b63
tokyo_disneyland,tdl_fantasyland_peter_pans_flight,2026-08-20T00:30:32.057Z,40,OPERATING,e541ad8f-1457-469a-8f35-457555f475ad
tokyo_disneyland,tdl_adventureland_jungle_cruise,2026-08-20T00:33:38.324Z,15,OPERATING,e0887415-3da2-458c-8b88-0691e6b8ab63
tokyo_disneyland,tdl_toontown_roger_rabbits_car_toon_spin,2026-08-20T00:30:32.070Z,15,OPERATING,73384e33-a86a-4601-996f-61dbffba6ec2
tokyo_disneyland,tdl_tomorrowland_baymax_happy_ride,2026-08-20T00:33:38.353Z,140,OPERATING,ca00a0e8-f069-4d0a-9d5e-10cb63010956
tokyo_disneyland,tdl_fantasyland_snow_whites_adventures,2026-08-20T00:33:38.333Z,20,OPERATING,a853aadd-2337-435a-b0a3-2c03db96e5e1
tokyo_disneyland,tdl_toontown_gadgets_go_coaster,2026-08-20T00:36:35.944Z,25,OPERATING,52c5e406-67e2-4d37-aee8-987644d87b63
tokyo_disneyland,tdl_tomorrowland_star_tours,2026-08-20T00:36:35.953Z,15,OPERATING,512fd34c-2f0a-4e0a-bcc1-ef4d15c5f803
tokyo_disneyland,tdl_tomorrowland_monsters_inc_ride_and_go_seek,2026-08-20T00:39:41.702Z,100,OPERATING,4ed6a812-df04-4aa8-acb9-c6b164dbb706
tokyo_disneyland,tdl_critter_country_splash_mountain,2026-08-20T00:42:51.899Z,100,OPERATING,dfe25d8e-e234-4020-a261-30c6825d0680
tokyo_disneyland,tdl_adventureland_jungle_cruise,2026-08-20T00:42:51.891Z,20,OPERATING,e0887415-3da2-458c-8b88-0691e6b8ab63
tokyo_disneyland,tdl_tomorrowland_baymax_happy_ride,2026-08-20T00:42:51.911Z,120,OPERATING,ca00a0e8-f069-4d0a-9d5e-10cb63010956
tokyo_disneyland,tdl_tomorrowland_star_tours,2026-08-20T00:42:51.905Z,20,OPERATING,512fd34c-2f0a-4e0a-bcc1-ef4d15c5f803
tokyo_disneyland,tdl_westernland_big_thunder_mountain,2026-08-20T00:48:58.192Z,50,OPERATING,e3577b4a-f1d9-4ec5-aacf-b99977ea88c9
tokyo_disneyland,tdl_toontown_gadgets_go_coaster,2026-08-20T00:49:18.789Z,35,OPERATING,52c5e406-67e2-4d37-aee8-987644d87b63
tokyo_disneyland,tdl_fantasyland_peter_pans_flight,2026-08-20T00:45:54.765Z,30,OPERATING,e541ad8f-1457-469a-8f35-457555f475ad
tokyo_disneyland,tdl_adventureland_pirates_of_the_caribbean,2026-08-20T00:45:54.749Z,25,OPERATING,52eb0fc9-5853-49c8-8c72-1e5e83aae1c1
tokyo_disneyland,tdl_adventureland_jungle_cruise,2026-08-20T00:45:54.757Z,25,OPERATING,e0887415-3da2-458c-8b88-0691e6b8ab63
tokyo_disneyland,tdl_toontown_roger_rabbits_car_toon_spin,2026-08-20T00:45:54.772Z,25,OPERATING,73384e33-a86a-4601-996f-61dbffba6ec2
tokyo_disneyland,tdl_tomorrowland_star_tours,2026-08-20T00:45:54.787Z,15,OPERATING,512fd34c-2f0a-4e0a-bcc1-ef4d15c5f803
tokyo_disneyland,tdl_critter_country_splash_mountain,2026-08-20T00:58:20.632Z,90,OPERATING,dfe25d8e-e234-4020-a261-30c6825d0680
tokyo_disneyland,tdl_toontown_gadgets_go_coaster,2026-08-20T00:58:20.654Z,25,OPERATING,52c5e406-67e2-4d37-aee8-987644d87b63
tokyo_disneyland,tdl_fantasyland_its_a_small_world,2026-08-20T00:58:20.646Z,10,OPERATING,0de1b543-46fd-4c3f-81c8-31d0cab9ef63
tokyo_disneyland,tdl_fantasyland_pinocchios_daring_journey,2026-08-20T00:58:20.639Z,10,OPERATING,6922377e-0ff4-481f-9da3-35051938732a
tokyo_disneyland,tdl_adventureland_tiki_room,2026-08-20T01:01:29.806Z,10,OPERATING,4f0b3416-0b0a-419b-ba8c-6ee00b7d7144
tokyo_disneyland,tdl_tomorrowland_stitch_encounter,2026-08-20T01:01:29.841Z,10,OPERATING,05c7400b-866d-4d47-9cb1-8722fe6b22da
tokyo_disneyland,tdl_westernland_mark_twain_riverboat,2026-08-20T01:01:29.819Z,5,OPERATING,02a96ff7-da13-48b5-b1a8-f29d9f6109fc
tokyo_disneyland,tdl_fantasyland_cinderella_fairy_tale_hall,2026-08-20T01:01:29.825Z,5,OPERATING,f82709b6-51a3-4b65-8d6f-c2472f5053df
tokyo_disneyland,tdl_toontown_goofys_paint_and_play_house,2026-08-20T01:01:29.834Z,5,OPERATING,74f17654-ceb1-4f12-9c19-ce6ed0587f33
tokyo_disneyland,tdl_westernland_country_bear_theater,2026-08-20T01:01:29.812Z,15,OPERATING,83f11a48-0d22-4429-8e59-43fd611d6795
tokyo_disneyland,tdl_adventureland_jungle_cruise,2026-08-20T01:01:29.798Z,30,OPERATING,e0887415-3da2-458c-8b88-0691e6b8ab63
tokyo_disneyland,tdl_adventureland_pirates_of_the_caribbean,2026-08-20T01:07:05.149Z,20,OPERATING,52eb0fc9-5853-49c8-8c72-1e5e83aae1c1
tokyo_disneyland,tdl_toontown_roger_rabbits_car_toon_spin,2026-08-20T01:07:05.173Z,20,OPERATING,73384e33-a86a-4601-996f-61dbffba6ec2
tokyo_disneyland,tdl_fantasyland_peter_pans_flight,2026-08-20T01:10:06.719Z,40,OPERATING,e541ad8f-1457-469a-8f35-457555f475ad
tokyo_disneyland,tdl_westernland_big_thunder_mountain,2026-08-20T01:13:42.964Z,60,OPERATING,e3577b4a-f1d9-4ec5-aacf-b99977ea88c9
tokyo_disneyland,tdl_tomorrowland_monsters_inc_ride_and_go_seek,2026-08-20T01:16:27.396Z,100,OPERATING,4ed6a812-df04-4aa8-acb9-c6b164dbb706
tokyo_disneyland,tdl_critter_country_splash_mountain,2026-08-20T01:19:32.486Z,70,OPERATING,dfe25d8e-e234-4020-a261-30c6825d0680
tokyo_disneyland,tdl_fantasyland_peter_pans_flight,2026-08-20T01:19:32.496Z,30,OPERATING,e541ad8f-1457-469a-8f35-457555f475ad
tokyo_disneyland,tdl_fantasyland_its_a_small_world,2026-08-20T01:19:32.503Z,5,OPERATING,0de1b543-46fd-4c3f-81c8-31d0cab9ef63
tokyo_disneyland,tdl_tomorrowland_baymax_happy_ride,2026-08-20T01:16:27.410Z,100,OPERATING,ca00a0e8-f069-4d0a-9d5e-10cb63010956
tokyo_disneyland,tdl_tomorrowland_monsters_inc_ride_and_go_seek,2026-08-20T01:22:19.326Z,90,OPERATING,4ed6a812-df04-4aa8-acb9-c6b164dbb706
tokyo_disneyland,tdl_tomorrowland_baymax_happy_ride,2026-08-20T01:22:19.336Z,80,OPERATING,ca00a0e8-f069-4d0a-9d5e-10cb63010956
tokyo_disneyland,tdl_tomorrowland_monsters_inc_ride_and_go_seek,2026-08-20T01:25:23.314Z,80,OPERATING,4ed6a812-df04-4aa8-acb9-c6b164dbb706
tokyo_disneyland,tdl_critter_country_splash_mountain,2026-08-20T01:29:38.360Z,60,OPERATING,dfe25d8e-e234-4020-a261-30c6825d0680
tokyo_disneyland,tdl_tomorrowland_baymax_happy_ride,2026-08-20T01:29:38.367Z,70,OPERATING,ca00a0e8-f069-4d0a-9d5e-10cb63010956
tokyo_disneyland,tdl_tomorrowland_star_tours,2026-08-20T01:31:42.709Z,20,OPERATING,512fd34c-2f0a-4e0a-bcc1-ef4d15c5f803
tokyo_disneyland,tdl_fantasyland_snow_whites_adventures,2026-08-20T01:31:42.700Z,15,OPERATING,a853aadd-2337-435a-b0a3-2c03db96e5e1
tokyo_disneyland,tdl_world_bazaar_omnibus,2026-08-20T01:37:35.463Z,5,OPERATING,cf1e721e-ba51-4e48-a2bc-b07883091e88
tokyo_disneyland,tdl_adventureland_pirates_of_the_caribbean,2026-08-20T01:34:51.717Z,15,OPERATING,52eb0fc9-5853-49c8-8c72-1e5e83aae1c1
tokyo_disneyland,tdl_toontown_roger_rabbits_car_toon_spin,2026-08-20T01:35:27.854Z,25,OPERATING,73384e33-a86a-4601-996f-61dbffba6ec2
tokyo_disneyland,tdl_fantasyland_alices_tea_party,2026-08-20T01:37:35.472Z,10,OPERATING,cfaa7d1c-111e-49b9-b21b-134eac4000e8
tokyo_disneyland,tdl_tomorrowland_baymax_happy_ride,2026-08-20T01:37:35.481Z,60,OPERATING,ca00a0e8-f069-4d0a-9d5e-10cb63010956
tokyo_disneyland,tdl_fantasyland_snow_whites_adventures,2026-08-20T01:34:51.722Z,20,OPERATING,a853aadd-2337-435a-b0a3-2c03db96e5e1
